Brand,Product_Name,Price,Polarized Glasses,Prescibed Glasses,Frame_Color,Lense_Color,Eye_Size,Item ID
Ray-Ban,Aviator RX6489,201.6,No,Yes,Silver,Clear  ,55 Eye Size,79189032
Valley,Tomahawk,260,No,No,Crystal with Silver Metal,Black,55 Eye Size,39878751
Oakley,Radar EV Path,333.9,No,No,Matte Grey Ink,Prizm Deep Water Polarised,55 Eye Size,39775104
Ray-Ban,Jim RB3694,219.6,Yes,No,Havana on Gunmetal,Vintage Brown Black Gradient Glass  ,55 Eye Size,31485446
Oakley,BiSphaera,300.6,No,No,Matte Carbon,Prizm ,59 Eye Size,61448395
Oakley,Holbrook,205.2,No,No,Matte Grenache,Prizm Dark Golf,59 Eye Size,29125745
Dolce & Gabbana,DG5025,312.3,No,Yes,Transparent Pink,Clear,59 Eye Size,37592527
Prada,PR23YS,531.9,No,No,Black,Light Brown,59 Eye Size,66198336
Coach,HC8393U,215.9,Yes,No,Caramel Tortoise,Brown Gradient,59 Eye Size,17786816
Ray-Ban,RB3732,259.2,No,No,Arista Gold,Black Polarised Glass  ,59 Eye Size,52381428
Ray-Ban,New Wayfarer Classic RB2132,187.2,No,No,Rubber Havana,Dark Grey Glass  ,52 Eye Size,92786202
Ray-Ban,Old Aviator RB3825,210.6,No,No,Rose Gold,Blue Glass  ,58 Eye Size,63513004
Emporio Armani,EA4225U,192.1,Yes,No,Matte Black,Dark Grey,58 Eye Size,36500513
Tiffany & Co.,TF2236D,460.8,No,Yes,Havana,Clear  ,48 Eye Size,90241561
Prada,PRA01S,531.9,No,No,Black,Light Brown,48 Eye Size,44205366
Miu Miu,09WS,509.4,No,No,Havana Mogano,Grey,48 Eye Size,22944024
Oakley,BiSphaera,237.6,No,No,Matte Black,Prizm Road,48 Eye Size,79953344
Prada,PR09YV,438.3,No,Yes,Black,Clear,48 Eye Size,38067612
Miu Miu,MU54ZS,538.2,No,No,Brass Gold,Dark Brown,48 Eye Size,58948233
Miu Miu,MUA50S,625.5,No,No,Silver,Clear Silver Gradient Mirror,48 Eye Size,47281372
Ray-Ban,Erik RX7215,214.2,No,Yes,Havana,Clear  ,51 Eye Size,63463782
Versace,VE3334,329.4,No,Yes,Black,Clear,51 Eye Size,65819852
Ray-Ban,Erik RX7215,214.2,No,Yes,Striped Havana,Clear  ,51 Eye Size,95923292
Prada,PR26ZS,561.6,Yes,No,Black,Violet,51 Eye Size,84748587
Ray-Ban,Elliot RX5397,201.6,No,Yes,Havana,Clear  ,48 Eye Size,39734059
Ray-Ban,Frank RX3857V,201.6,No,Yes,Black,Clear,48 Eye Size,73160108
Michael Kors,Flatiron MK2185BU,253.8,No,No,Dark Tortoise,Brown Gradient  ,54 Eye Size,61528121
Boss,1712/F/SK,378,No,No,Gold,Green,54 Eye Size,50716980
Burberry,BE2393D,270,No,Yes,Dark Havana,Clear,54 Eye Size,23892069
Ray-Ban,Mr Burbank RX5383,214.2,No,Yes,Black,Clear,54 Eye Size,14297487
Dolce & Gabbana,DG3372,342,No,Yes,Havana,Clear  ,52 Eye Size,12513177
Valley,Lafayette,260,Yes,No,Gloss Black Light Tan Splice with Rose Gold Metal,Black,52 Eye Size,11693946
Ray-Ban,RB2210,259.2,No,No,Black,Green Polarised Glass,52 Eye Size,53662252
Ray-Ban,Kat RX7327,169.2,No,Yes,Black,Clear  ,50 Eye Size,11172224
Raen,Remmy 52,251.96,Yes,No,Cambria,Green Polarised,50 Eye Size,33712608
Michael Kors,CATALONIA MK1144B,253.8,Yes,No,Shiny Rose Gold,Light Brown and Pink Gradient,50 Eye Size,40314888
Prada,PRA03V,438.3,No,Yes,Black,Clear  ,52 Eye Size,92728317
GUCCI,GG1661S,575,No,No,Black,Grey,52 Eye Size,23466505
Oakley,Holbrook,187.2,No,No,Matte Black and Duality Swirl,Prizm Grey,52 Eye Size,50650721
Michael Kors,Georgetown MK4105BU,225,No,Yes,Pink Tortoise,Clear  ,52 Eye Size,15548150
Versace,VE1286D,329.4,No,Yes,Gold,Clear,52 Eye Size,37648661
Oakley,Ojector,205.2,No,No,Matte Brown Tortoise,Prizm Black,52 Eye Size,15035140
Burberry,BE2405U,496.8,No,Yes,Dark Grey,Clear  ,51 Eye Size,85652406
Prada Linea Rossa,PS04NV,324.9,No,Yes,Black,Clear,51 Eye Size,31080369
Michael Kors,Asheville MK2210U,166.5,Yes,No,Black,Dark Grey,51 Eye Size,49537760
Prada Linea Rossa,PS04QV,352.8,No,Yes,Black Rubber,Clear  ,54 Eye Size,27861337
Isabel Marant,IM 0189/S,400.5,No,No,Green,Grey Green Gradient,54 Eye Size,53229415
Isabel Marant,IM 0189/S,400.5,No,No,Black,Grey,54 Eye Size,90219392
Prada,PR65ZS,440.1,No,No,Pale Gold,Dark Green,54 Eye Size,13492417
Ray-Ban,Wayfarer Way RB2241,210.6,No,No,Black,Green Glass  ,54 Eye Size,21196132
Boss,1718/S,360,No,No,Black,Grey Gradient,54 Eye Size,69065970
Oakley,Radar EV Path,270.9,Yes,No,Matte Grey Ink,Prizm Trail Torch,54 Eye Size,81217390
Prada,PR56ZV,409.5,No,Yes,Pale Gold,Clear,54 Eye Size,56729211
Valley,Tomahawk,280,No,No,Gloss Black with Gold Metal,Black Polarised,54 Eye Size,74783605
Prada Linea Rossa,PS06PV,324.9,No,Yes,Black Rubber,Clear,54 Eye Size,79872429
Prada,PRA06S,561.6,No,No,Transparent Dark Grey,Dark Grey,54 Eye Size,44855040
Coach,HC7165D,179.35,Yes,No,Shiny Light Gold,Grey Gradient,54 Eye Size,70152053
Miu Miu,MU14ZS,538.2,No,No,Black,Dark Grey,54 Eye Size,72046777
Miu Miu,01VV,438.3,No,Yes,Clear,Clear  ,52 Eye Size,47424158
GUCCI,GG1778S,655,No,No,Black,Grey,52 Eye Size,78716885
Prada,PR15WS,440.1,No,No,Root Black,Dark Grey,52 Eye Size,42745694
Serengeti,Shelton,449.1,No,No,Shiny Dark Gunmetal,555nm Photochromic Polarised Glass,52 Eye Size,90032079
Oakley Youth,Frogskins XS,160.55,No,No,Dark Galaxy,Prizm Jade,52 Eye Size,42007217
Michael Kors,Cadiz MK1145B,253.8,Yes,No,Shiny Silver,Navy Gradient,52 Eye Size,29949871
Persol,PO3328S,442.8,Yes,No,Transparent Brown,Blue Gradient Polarised Glass  ,58 Eye Size,42980883
Ray-Ban,RB2206D,196.2,No,No,Black,Dark Grey,58 Eye Size,66439870
Prada,PR21ZV,466.2,No,Yes,White,Clear  ,53 Eye Size,84849511
Prada,PR18ZV,494.1,No,Yes,Havana Red,Clear,53 Eye Size,56460104
Emporio Armani,EA2155,221.85,Yes,No,Matte Brown,Dark Brown,53 Eye Size,25891460
Michael Kors,Dubai MK2211U,202.5,Yes,No,Dark Tortoise,Brown Gradient Polarised,53 Eye Size,93797832
Dolce & Gabbana,DG4471,413.1,Yes,No,Black,Dark Grey,53 Eye Size,91733605
Arnette,Thekidd AN4318,144,No,No,Dark Havana,Dark Green,53 Eye Size,58070367
Oakley,Port Bow OX8164,174.6,No,Yes,Polished Clear,Clear  ,53 Eye Size,49307076
Versace,VE4441,351.9,Yes,No,Dark Havana,Dark Brown,53 Eye Size,24548973
Miu Miu,04UV,438.3,No,Yes,Black,Clear,53 Eye Size,29860548
Arnette,Bigflip AN4343,142.2,No,No,Dark Havana,Dark Blue Polarised,53 Eye Size,34763021
Dolce & Gabbana,DG4416,334.8,No,No,Havana,Dark Brown,53 Eye Size,78723178
Ray-Ban,RX7228,181.8,No,Yes,Opal Dark Grey,Clear  ,53 Eye Size,34240747
Coach,HC8391U,179.35,Yes,No,Black,Grey,53 Eye Size,50540042
Oakley,Frogskins Range,244.8,No,No,Matte Transparent Blue,Prizm Black,53 Eye Size,61182841
Burberry,BE2408U,440.1,No,Yes,Blue Havana,Clear  ,53 Eye Size,69733882
Michael Kors,Cadiz MK1145B,253.8,Yes,No,Shiny Light Gold,Brown Gradient,53 Eye Size,76344250
Prada Linea Rossa,PS50PV,381.6,No,Yes,Black and Silver,Clear,53 Eye Size,31797935
Michael Kors,Sanya MK1157D,173.7,Yes,No,Shiny Light Gold,Light Brown,53 Eye Size,72057658
Prada,PRA03V,438.3,No,Yes,Red Havana,Clear  ,52 Eye Size,68625421
Ray-Ban,Frank RX3857V,201.6,No,Yes,Gold,Clear,52 Eye Size,39939340
Raen,Remmy 49 Small,251.96,Yes,No,Cambria,Green Polarised,52 Eye Size,12605726
Ray-Ban,Old Aviator RB3825,210.6,No,No,Arista Gold,Green Glass  ,62 Eye Size,72172756
Oakley,Frogskins Range,217.8,No,No,Matte Clear,Prizm Violet Mirror,62 Eye Size,94689755
Ray-Ban,RB3751,196.2,No,No,Black,Green Glass  ,61 Eye Size,46711874
Miu Miu,04UV,438.3,No,Yes,Opal Anise,Clear,61 Eye Size,83640238
Ray-Ban,Elliot RX5397,201.6,No,Yes,Brown Grey Havana,Clear  ,48 Eye Size,86680478
Prada Linea Rossa,PSA50S,504.9,No,No,Matte Black,Dark Grey Polarised,48 Eye Size,43638085
Emporio Armani,EA4222U,235.45,Yes,No,Shiny Black,Dark Grey,48 Eye Size,39704517
Ray-Ban,Wayfarer Way RB2241,219.6,No,No,Grey Havana,Grey Gradient Glass  ,54 Eye Size,50584172
Miu Miu,04UV,438.3,No,Yes,Opal Cognac,Clear,54 Eye Size,59764543
Oakley,Leffingwell,268.2,No,No,Matte Brown Tortoise,Prizm Black Polarised,54 Eye Size,63492534
Valley,Bang,260,Yes,No,Army Green with Gold Metal Trim,Brown Gradient,54 Eye Size,60961958
Prada,PR19WV,352.8,No,Yes,Caramel Tortoise,Clear,54 Eye Size,70857078
Versace,VE3334,329.4,No,Yes,Opal Pink,Clear,54 Eye Size,95875196
Ray-Ban,Zena RX7330,169.2,No,Yes,Black,Clear  ,52 Eye Size,54247924
Prada,PR18WV,466.2,No,Yes,Tortoise,Clear  ,52 Eye Size,67899738
Emporio Armani,EA4219,264.35,Yes,No,Matte Black,Grey Polarised,52 Eye Size,67461577
Oakley,Cables,179.1,No,No,Blue Steel,Prizm Sapphire,52 Eye Size,99750712
Ray-Ban,RB3732,259.2,No,No,Arista Gold,Brown Polarised Glass  ,56 Eye Size,45935898
Isabel Marant,IM 0185/G/S,414,No,No,Burgundy,Brown,56 Eye Size,76276122
Persol,PO3235S,415.8,Yes,No,Miele,Blue Gradient Polarised Glass,56 Eye Size,33202072
Oakley,BiSphaera,237.6,No,No,Matte Black,Prizm Golf,56 Eye Size,63579042
Prada,PRA60S,501.3,No,No,Brass,Violet,56 Eye Size,18704438
Valley,Tomahawk,260,Yes,No,Gloss Black with Gold Metal,Black,56 Eye Size,93792298
Ray-Ban,Erika RX7046,169.2,No,Yes,Transparent Pink,Clear,56 Eye Size,27999320
Oakley,Cables,161.1,No,No,Transparent Poseidon,Prizm Grey,56 Eye Size,83991261
Burberry,BE2408U,440.1,No,Yes,Green,Clear  ,53 Eye Size,26679099
Prada,PRA51S,592.2,Yes,No,Silver,Grey Gradient,53 Eye Size,49994252
Prada,PRA01S,531.9,Yes,No,Black,Light Brown,53 Eye Size,26742454
Versace,VE3331U,313.2,No,Yes,Black,Clear,53 Eye Size,10270843
Valley,Lafayette,260,Yes,No,Army Green Clear Tort Splice with Gold Metal,Brown Gradient,53 Eye Size,68135025
Versace,VE4458F,458.1,Yes,No,Transparent Brown,Light Brown,53 Eye Size,51660923
Ray-Ban,Bain Bridge RB3735,273.6,No,No,Arista Gold,Green Polarised Glass  ,60 Eye Size,49452138
Emporio Armani,EA4230U,250.75,Yes,No,Shiny Black,Dark Grey,60 Eye Size,68917210
Dolce & Gabbana,DG4446B,504.9,Yes,No,Black,Grey,60 Eye Size,76022325
Oakley,Overhead OX8060,161.1,No,Yes,Polished Trans Jade,Clear,60 Eye Size,97016309
Prada Linea Rossa,PSA51S,450.9,No,No,Matte Black,Dark Grey,60 Eye Size,17251564
Prada Linea Rossa,PS53ZS,450.9,No,No,Matte Black,Dark Grey,60 Eye Size,83725239
Persol,PO3351V,346.5,No,Yes,Black,Clear  ,52 Eye Size,26029126
Prada,PRA60S,501.3,No,No,Brass,Violet,52 Eye Size,60211797
Prada,PRA59S,501.3,No,No,Gold,Olive Green,52 Eye Size,21775407
Ray-Ban,Round Metal RX3447V,201.6,No,Yes,Black on Rose Gold,Clear  ,53 Eye Size,20389774
Persol,PO3348V,431.1,No,Yes,Brown Havana,Clear  ,53 Eye size,60424024
Versace,VE3313,286.2,No,Yes,Black,Clear,53 Eye size,36845393
Prada,PRA09S,592.2,No,No,Poppy Tortoise,Light Purple Brown,53 Eye size,98816091
Oakley Youth,Capacitor,114,No,No,Polished Black,Prizm Grey,53 Eye size,26410574
Coach,HC8396U,201.45,Yes,No,Black,Grey Gradient,53 Eye size,96154766
Versace,VE3362U,340.2,No,Yes,Pink,Clear  ,53 Eye Size,40139262
Prada,PR02ZV,310.5,No,Yes,Etruscan Marble,Clear,53 Eye Size,49328465
Oakley,Enigma Ink OX8190,237.6,No,Yes,Satin Black,Clear  ,55 Eye Size,60069500
Burberry,BE2388,326.7,No,Yes,Dark Havana,Clear  ,50 Eye Size,16569228
Ray-Ban,Kiliane RB4395,196.2,Yes,No,Black,Dark Grey,50 Eye Size,66549376
Prada,PR26ZS,561.6,Yes,No,Opal Milk,Light Brown,50 Eye Size,16464264
Emporio Armani,EA4225U,192.1,Yes,No,Matte Blue,Brown Gradient,50 Eye Size,51052286
Versace,VE3314,300.6,No,Yes,Havana,Clear,50 Eye Size,43796976
Ray-Ban,RB3751,196.2,No,No,Black,Green Glass  ,58 Eye Size,83394529
Oakley,BiSphaera,237.6,No,No,Polished White,Prizm Ruby Mirror,58 Eye Size,77367194
Miu Miu,01VV,438.3,No,Yes,Black,Clear  ,52 Eye Size,54238702
Persol,PO3348V,431.1,No,Yes,Black,Clear  ,53 Eye Size,15049963
Emporio Armani,EA4224F,206.55,Yes,No,Shiny Opaline Brown,Brown,53 Eye Size,67528194
Serengeti,Lenwood,413.1,Yes,No,Shiny Crystal Dark Green,Drivers Photochromic Polarised Glass,53 Eye Size,82952967
Serengeti,Delio,413.1,No,No,Shiny Classic Havana,555nm Photochromic Polarised Glass,53 Eye Size,69672671
Oakley,Holbrook,187.2,Yes,No,Matte Black and Duality Swirl,Prizm Grey,53 Eye Size,23541283
Prada,PRA51S,592.2,No,No,Silver,Grey Gradient,53 Eye Size,56886355
Valley,Lafayette,260,Yes,No,Light Tan Biege Splice with Rose Gold Metal,Brown Gradient,53 Eye Size,74354935
Ray-Ban,Elliot RX5397,201.6,No,Yes,Yellow and Blue Havana,Clear  ,48 Eye Size,54833162
Ray-Ban,RB3751,196.2,Yes,No,Gunmetal,Dark Grey Glass  ,61 Eye Size,16574286
Ray-Ban,RB3732,259.2,No,No,Arista Gold,Brown Polarised Glass  ,59 Eye Size,29970335
Prada,PR21ZV,466.2,No,Yes,Honey Tortoise,Clear  ,53 Eye Size,40316928
GUCCI,GG1736S,575,No,No,Black,Grey,53 Eye Size,67279410
Arnette,Phoxer AN4338,99.9,No,No,Frosted Sage,Dark Green,53 Eye Size,48968638
Ray-Ban,RB3746,210.6,No,No,Arista,Green Glass  ,56 Eye Size,22950526
Ray-Ban,RB2210,205.2,No,No,Transparent Brown,Brown Clear Gradient Glass,56 Eye Size,72842469
Persol,PO0649,326.7,Yes,No,Transparent Dark Grey,Blue Glass  ,54 Eye Size,73329422
Ray-Ban,Kiliane RB4395,196.2,Yes,No,Transparent Brown,Dark Brown,54 Eye Size,31769301
Oakley Youth,Capacitor,133,No,No,Polished White,Prizm Sapphire,54 Eye Size,82520055
Ray-Ban,RB3732,196.2,No,No,Black,Dark Grey Glass  ,59 Eye Size,95157056
Prada,PR15WV,310.5,No,Yes,Grey Crystal,Clear,59 Eye Size,28921299
Prada,PRA59S,501.3,No,No,Black,Grey Silver Mirror,59 Eye Size,53958381
Burberry,BE2409,355.5,No,Yes,Black,Clear  ,53 Eye Size,52018924
Emporio Armani,EA4228,235.45,Yes,No,Shiny Green and Matte Gunmetal,Green Gradient,53 Eye Size,49251798
Persol,PO0714,406.8,Yes,No,Milky Plum,Dark Grey Glass,53 Eye Size,91919492
Ray-Ban,Kat RX7327,169.2,No,Yes,Lilac,Clear  ,50 Eye Size,45682106
Ray-Ban,RB3751,223.2,Yes,No,Copper,Green Silver Mirror Glass  ,61 Eye Size,22822926
Valley,Orb,260,Yes,No,Matte Black Japanese Titanium,Black Gradient,61 Eye Size,63774531
Isabel Marant,IM 0194/S,319.5,No,No,Black,Grey,61 Eye Size,18505766
Ray-Ban,RB3713D,233.1,No,No,Arista,Dark Green Glass Polarised,61 Eye Size,82243625
Emporio Armani,EA4220,221.85,Yes,No,Shiny Transparent Light Brown,Yellow and Light Brown Gradient,61 Eye Size,84122841
GUCCI,GG1692SA,575,No,No,Black,Grey,61 Eye Size,27677761
Raen,Remmy 49 Small,251.96,No,No,Crystal Clear,Blue Smoke Polarised,61 Eye Size,10514953
Prada,PR02ZS,531.9,Yes,No,Root Tortoise,Blue Glass,61 Eye Size,49284724
Ray-Ban,RB3732,223.2,No,No,Silver,Green Silver Mirror Glass  ,59 Eye Size,67854226
Boss,1743/S,346.5,No,No,Gold Havana,Grey Brown Gradient,59 Eye Size,88098393
Ray-Ban,New Clubmaster RX7216,214.2,No,Yes,Black on Silver,Clear,59 Eye Size,72385789
Oakley,Holbrook,268.2,No,No,Black,Prizm Black Polarised,59 Eye Size,45890407
Oakley,BiSphaera,282.6,No,No,Grey Smoke,Clear to Black Iridium Photochromic Mirror,59 Eye Size,20379333
Ray-Ban,Kat RX7327,169.2,No,Yes,Algae Green,Clear  ,50 Eye Size,53395907
Prada,PR52ZV,494.1,No,Yes,Pale Gold,Clear,50 Eye Size,59303591
Isabel Marant,IM 0194/S,319.5,No,No,Havana,Brown,50 Eye Size,15958286
Coach,HC7167B,222.7,Yes,No,Pink Pearl,Brown Pink Gradient,50 Eye Size,55516780
GUCCI,GG1703S,855,No,No,Silver,Green,50 Eye Size,16955649
Prada,PRA01V,352.8,No,Yes,Black Transparent Havana,Clear  ,55 Eye Size,78214072
Boss,1722/G/S,306,No,No,Crystal Grey,Grey,55 Eye Size,60837960
Miu Miu,MU11ZS,509.4,No,No,Moka,Light Blue,55 Eye Size,34874147
Ray-Ban,Zena RX7330,169.2,No,Yes,Havana,Clear  ,52 Eye Size,88393137
Ray-Ban,Bain Bridge RB3735,210.6,No,No,Arista Gold,Green Glass  ,60 Eye Size,19488915
Persol,PO3315S,389.7,Yes,No,Smoke,Black Polarised Glass  ,55 Eye Size,74320755
Ray-Ban,Old Aviator RB3825,210.6,No,No,Rose Gold,Blue Glass  ,62 Eye Size,66950074
Dolce & Gabbana,DG4416,334.8,Yes,No,Havana,Dark Brown,62 Eye Size,45715889
Oakley,Hstn OX8139 (A),201.6,No,Yes,Polished Clear,Clear,62 Eye Size,91408925
Ray-Ban,Round Metal RX3447V,201.6,No,Yes,Gunmetal,Clear  ,53 Eye Size,84375303
Coach,HC8390U,179.35,Yes,No,Milky Cloud,Wine,53 Eye Size,38211841
Michael Kors,Nice MK2213,219.6,Yes,No,Black,Dark Grey Gradient,53 Eye Size,91518249
Prada Linea Rossa,PS07PV,324.9,No,Yes,Black,Clear,53 Eye Size,70318679
Ray-Ban,Erika RX7046,169.2,No,Yes,Transparent Brown,Clear,53 Eye Size,37409483
Michael Kors,Silverton MK1153,192.6,Yes,No,Shiny Yellow Gold,Light Grey Gradient,53 Eye Size,57780257
Coach,HC8391U,179.35,No,No,Caramel Tortoise,Brown,53 Eye Size,22205496
Versace,VE3338,358.2,No,Yes,Havana,Clear,53 Eye Size,17459213
Ray-Ban,Old Aviator RB3825,210.6,No,No,Black,Dark Grey Glass  ,58 Eye Size,78400976
Valley,Lafayette,260,Yes,No,Gloss Black with Gold Metal,Black,58 Eye Size,55201440
Prada,PRA08V,494.1,No,Yes,Havana Black Transparent,Clear  ,54 Eye Size,31366569
Oakley,Feedback,258.3,No,No,Satin Gunmetal,Prizm Dark Golf,54 Eye Size,50325151
Oakley,Radar EV Path,252.9,Yes,No,Matte Lilac,Prizm Slate,54 Eye Size,38928031
Prada,PR02ZS,531.9,No,No,Root Tortoise,Blue Glass,54 Eye Size,16519413
Oakley,Holbrook (A),187.2,No,No,Matte Black and Blue Aurora,Prizm Grey,54 Eye Size,46937700
Ray-Ban,Erik RX7215,214.2,No,Yes,Black,Clear  ,51 Eye Size,48325679
Versace,VE4473U,509.4,Yes,No,Dark Havana,Dark Grey,51 Eye Size,48798280
Persol,PO3310S,415.8,No,No,Smoke,Black Polarised Glass  ,54 Eye Size,40133969
Versace,VE4361,382.5,Yes,No,Crystal,Dark Blue,54 Eye Size,99883679
Ray-Ban,RB3732,259.2,No,No,Arista Gold,Black Polarised Glass  ,56 Eye Size,87164054
Miu Miu,04UV,438.3,No,Yes,Honey Havana,Clear,56 Eye Size,48152951
Ray-Ban,RB3746,219.6,Yes,No,Black,Grey Gradient Glass  ,56 Eye Size,93090153
Arnette,Phoxer AN4338,99.9,No,No,Frosted Grey,Dark Grey,56 Eye Size,56852515
Dolce & Gabbana,DG3372,342,No,Yes,Black,Clear  ,52 Eye Size,37911846
Ray-Ban,Hexagonal Legend RB3548,219.6,No,No,Arista,Green Vintage Gradient Glass  ,51 Eye Size,14612418
Ray-Ban,RB3746,219.6,No,No,Black,Grey Gradient Glass  ,56 Eye Size,91165614
Burberry,BE1386,355.5,No,Yes,Dark Grey,Clear  ,55 Eye Size,21814993
Versace,VE3304,272.7,No,Yes,Transparent Pink,Clear,55 Eye Size,12219848
Emporio Armani,EA4219,221.85,Yes,No,Matte Blue,Dark Blue,55 Eye Size,79481716
Prada,PR02ZS,603.9,No,No,Black,Green Polarised Glass,55 Eye Size,84242326
Miu Miu,MU09ZS,596.7,No,No,Caramel,Clear Silver Gradient Mirror,55 Eye Size,10615955
Emporio Armani,EA4224F,249.05,Yes,No,Shiny Black,Dark Grey Gradient Polarised,55 Eye Size,93787199
Prada,PR18ZV,494.1,No,Yes,Crystal Grey,Clear,55 Eye Size,62974688
Serengeti,Lenwood,413.1,Yes,No,Shiny Classic Havana,555nm Photochromic Polarised Glass,55 Eye Size,91517297
Prada,PRA51S,592.2,No,No,Pale Gold,Brown Grey Gradient,55 Eye Size,46837995
Oakley,Centerboard OX8163,174.6,No,Yes,Polished Clear,Clear  ,55 Eye Size,85480112
Ray-Ban,Leonard RX5393,201.6,No,Yes,Havana,Clear  ,51 Eye Size,68604321
GUCCI,GG1732SK,700,No,No,Black,Grey,51 Eye Size,53115940
Persol,PO3302S,415.8,Yes,No,Transparent Grey,Blue Gradient Polarised Glass,51 Eye Size,15183272
Prada,PR07ZV,409.5,No,Yes,Black,Clear,51 Eye Size,80614211
Miu Miu,09WS,509.4,No,No,Honey Havana,Light Purple,51 Eye Size,31201784
Oakley,Gascan,242.1,No,No,Matte Black and Cyan,Prizm Black Polarised,51 Eye Size,95527613
Prada Linea Rossa,PS03PV,324.9,No,Yes,Matte Grey,Clear,51 Eye Size,14509239
Prada,PR26ZS,561.6,No,No,Opal Milk,Light Brown,51 Eye Size,56959251
Ray-Ban,RB3751,196.2,Yes,No,Black,Green Glass  ,61 Eye Size,92363445
Prada Linea Rossa,PS07PV,324.9,No,Yes,Black Rubber,Clear,61 Eye Size,90551502
Ray-Ban,RB4435,196.2,Yes,No,Transparent Brown,Brown Glass  ,56 Eye Size,33250583
Prada,PR02ZS,603.9,Yes,No,Black,Green Polarised Glass,56 Eye Size,86613400
Prada,PR65YV,409.5,No,Yes,Black and Pale Gold,Clear,56 Eye Size,79511823
Ray-Ban,RB2206D,196.2,No,No,Transparent Grey,Dark Grey,56 Eye Size,30222675
Valley,Dylan Kain,260,No,No,Gloss Black with 24k. Gold Metal Trim,Black,56 Eye Size,55240386
Oakley,Spindrift,280.8,Yes,No,Matte Black and Crystal Blue Fade,Prizm Black Polarised,56 Eye Size,93635479
GUCCI,GG1680S,555,No,No,Black,Grey,56 Eye Size,57909652
Ray-Ban,Zena RX7330,169.2,No,Yes,Lilac,Clear  ,52 Eye Size,61151814
Prada,PRA03V,438.3,No,Yes,Havana Magma,Clear  ,52 Eye Size,94892918
Ray-Ban,Bain Bridge RB3735,219.6,No,No,Arista Gold,Brown Clear Gradient Glass  ,57 Eye Size,43747283
Coach,HC7165D,179.35,Yes,No,Shiny Rose Gold,Burgundy Gradient,57 Eye Size,80528312
Burberry,BE2388,326.7,No,Yes,Black,Clear  ,50 Eye Size,41753974
Emporio Armani,EA4219,264.35,No,No,Matte Black,Grey Polarised,50 Eye Size,63735524
Ray-Ban,RB3732,223.2,No,No,Silver,Green Silver Mirror Glass  ,56 Eye Size,82545390
Ray-Ban,Kat RX7327,169.2,No,Yes,Havana,Clear  ,50 Eye Size,64020203
GUCCI,GG1714S,390,No,No,Black,Grey Gradient,50 Eye Size,30166194
GUCCI,GG1638SA,780,No,No,Black,Grey,50 Eye Size,97234223
Prada,PRA51S,592.2,Yes,No,Pale Gold,Brown Grey Gradient,50 Eye Size,93259146
Versace,VE3338,358.2,No,Yes,Black,Clear,50 Eye Size,20659374
Ray-Ban,Old Aviator RB3825,219.6,No,No,Silver,Blue Clear Gradient Glass  ,62 Eye Size,61023340
Persol,PO0649,326.7,Yes,No,Opal Beige,Dark Grey Glass  ,54 Eye Size,42682392
Ray-Ban,New Round RB3637,232.2,Yes,No,Gold,Blue Gradient Glass  ,53 Eye Size,71144378
Persol,PO3315S,389.7,No,No,Smoke,Black Polarised Glass  ,55 Eye Size,44034787
Ray-Ban,Elliot RX5397,201.6,No,Yes,Havana,Clear  ,50 Eye Size,87241066
Oakley Youth,Capacitor,133,No,No,Polished White,Prizm Field,50 Eye Size,38115738
Ray-Ban,RB3727D,232.2,Yes,No,Arista,Dark Green Polarised,50 Eye Size,82890135
Versace,VE3362U,340.2,No,Yes,Black,Clear  ,53 Eye Size,93201413
Ray-Ban,New Wayfarer Classic RB2132,187.2,No,No,New Wayfarer Classic RB2132 Rubber Havana,Dark Grey Glass  ,58 Eye Size,95728648
Ray-Ban,Old Aviator RB3825,291.6,No,No,Gunmetal,Blue Gradient Polarised Glass  ,62 Eye Size,92397680
Prada,PR65YV,409.5,No,Yes,Brown and Pale Gold,Clear,62 Eye Size,35581903
Oakley,BiSphaera,237.6,No,No,Steel,Prizm Mirror Black,62 Eye Size,31899456
Prada Linea Rossa,PS04NV,324.9,No,Yes,Rubber Black,Clear,62 Eye Size,19117418
Ray-Ban,RB3749,273.6,No,No,Havana on Gold,Green Glass Polarised  ,55 Eye Size,18380200
Burberry,BE2393D,270,No,Yes,Matte Black,Clear,55 Eye Size,88232722
Emporio Armani,EA4219,264.35,Yes,No,Matte Dark Grey,Grey Polarised,55 Eye Size,30490901
Ray-Ban,RB3751,223.2,No,No,Copper,Green Silver Mirror Glass  ,58 Eye Size,46422811
Ray-Ban,RB3751,196.2,Yes,No,Gunmetal,Blue Glass  ,61 Eye Size,96008060
Ray-Ban,Bain Bridge RB3735,219.6,No,No,Silver,Blue Clear Gradient Glass  ,57 Eye Size,82440417
Coach,HC7128,179.35,Yes,No,Shiny Black,Grey,57 Eye Size,69100365
Valley,Ritual,260,Yes,No,Gloss Black with Silver Metal,Black,57 Eye Size,39092934
Miu Miu,09WS,509.4,No,No,Honey Havana,Green,57 Eye Size,69809200
GUCCI,GG1719S,495,No,No,Red,Violet,57 Eye Size,31284680
Tiffany & Co.,TF2234B,490.5,No,Yes,Black On Tiffany Blue,Clear,57 Eye Size,10723634
Versace,VE4361,382.5,No,No,Crystal,Dark Blue,57 Eye Size,96322217
Persol,PO3348V,431.1,No,Yes,Blue Havana,Clear  ,53 Eye Size,62155339
Dolce & Gabbana,DG4471,413.1,Yes,No,Transparent Violet,Lilac Isa Black Silver Mirror,53 Eye Size,56421081
Oakley,Castel,268.2,No,No,Blue Steel,Prizm Deep Water Polarised,53 Eye Size,68717762
Dolce & Gabbana,DG4416,334.8,Yes,No,Black,Grey,53 Eye Size,31996605
Ray-Ban,Bain Bridge RB3735,210.6,No,No,Rose Gold,Blue Glass  ,57 Eye Size,61101515
Oakley,Spindrift,280.8,No,No,Matte Black and Crystal Blue Fade,Prizm Black Polarised,57 Eye Size,22578126
Ray-Ban,RB2206D,196.2,No,No,Transparent Brown,Dark Brown,57 Eye Size,20589960
Emporio Armani,EA4220,221.85,Yes,No,Shiny Transparent Black,Grey Gradient,57 Eye Size,56973367
Raen,Wiley,251.96,No,No,Cambria,Green Polarised,57 Eye Size,57580807
Ray-Ban,RX7159,214.2,No,Yes,Havana,Clear,57 Eye Size,42147870
Valley,Orb,260,Yes,No,Gloss Bronze Japanese Titanium,Black,57 Eye Size,24707774
Isabel Marant,IM 0185/G/S,414,No,No,Havana,Grey,57 Eye Size,50406173
Burberry,BE2393D,270,No,Yes,Black,Clear,57 Eye Size,51260237
Oakley,Heliostat,242.1,Yes,No,Matte Black,Prizm Sapphire Polarised,57 Eye Size,16195782
Arnette,Thekidd AN4318,144,No,No,Ivory,Brown Gradient,57 Eye Size,35850290
Oakley,Frogskins Range (A),217.8,No,No,Matte Clear,Prizm Violet Mirror,57 Eye Size,76993893
Prada,PR65YV,409.5,No,Yes,Black and Gold,Clear,57 Eye Size,46820423
Arnette,Phoxer AN4338,126.9,No,No,Frosted Blue,Dark Blue Polarised,57 Eye Size,97914656
Prada,PR09ZS,592.2,Yes,No,Black,Pink,57 Eye Size,90889164
Versace,VE1280,286.2,No,Yes,Pale Gold,Clear,57 Eye Size,22893335
Dolce & Gabbana,DG4449,382.5,No,No,Havana and White Barrow,Brown Gradient,57 Eye Size,74876580
Ray-Ban,Erika RX7046,169.2,No,Yes,Transparent,Clear,57 Eye Size,49133136
Ray-Ban,Hexagonal Legend RB3548,219.6,Yes,No,Arista,Green Vintage Gradient Glass  ,51 Eye Size,32033450
Boss,1724/S,360,No,No,Black,Grey,51 Eye Size,12769176
Ray-Ban,Emy RB3741,195.3,No,No,Light Gold,Dark Grey Silver Flash Mirror  ,59 Eye Size,54630428
Ray-Ban,RB3751,196.2,Yes,No,Black,Green Glass  ,58 Eye Size,65371722
Ray-Ban,RB3749,273.6,Yes,No,Havana on Gold,Green Glass Polarised  ,55 Eye Size,33575172
Ray-Ban,Emy RX6541,169.2,No,Yes,Copper,Clear  ,58 Eye Size,79441518
Oakley,Frogskins Range,244.8,Yes,No,Matte Transparent Blue,Prizm Black,58 Eye Size,91971186
Ray-Ban,RB3746,219.6,No,No,Arista,Brown Clear Gradient Glass  ,56 Eye Size,82979253
Michael Kors,Keswick MK1156,253.8,Yes,No,Shiny Gold,Olive Green,56 Eye Size,12764695
Versace,VE2264,535.5,Yes,No,Silver,Dark Grey,56 Eye Size,70834576
Oakley,BiSphaera,300.6,No,No,Matte Olive Camo,Prizm Tungsten Mirror Polarised,56 Eye Size,17960673
Prada,PR26ZS,561.6,No,No,Root Tortoise,Light Brown,56 Eye Size,77061131
Boss,1739/F/SK,360,No,No,Brown,Grey,56 Eye Size,19415501
Ray-Ban,RB3732,196.2,No,No,Arista Gold,Green Glass  ,59 Eye Size,11882487
Miu Miu,11WS,509.4,No,No,Mahogany Havana,Grey,59 Eye Size,50797433
Coach,HC7165D,179.35,Yes,No,Shiny Light Gold and Brown,Brown and Peach Gradient,59 Eye Size,51525412
Emporio Armani,EA4219,221.85,Yes,No,Matte Black,Grey Mirror Black,59 Eye Size,12367608
Coach,HC8395F,201.45,Yes,No,Black,Grey Gradient,59 Eye Size,15490549
Oakley,Thurso,258.3,Yes,No,Matte Grenache,Prizm Dark Golf,59 Eye Size,94007454
Serengeti,Lenwood,413.1,No,No,Shiny Crystal Dark Green,Drivers Photochromic Polarised Glass,59 Eye Size,38704751
Ray-Ban,New Round RB3637,232.2,No,No,Gold,Blue Gradient Glass  ,53 Eye Size,68947362
Emporio Armani,EA4226D,192.1,Yes,No,Shiny Black,Dark Grey,53 Eye Size,62892319
Ray-Ban,Bain Bridge RB3735,210.6,No,No,Black,Dark Grey Glass  ,57 Eye Size,89982913
Raen,Remmy 49 Small,251.96,Yes,No,Crystal Clear,Blue Smoke Polarised,57 Eye Size,62833490
Oakley,Metalink OX8153,237.6,No,Yes,Balsam,Clear  ,55 Eye Size,29805237
Prada,PR65ZS,440.1,No,No,Pale Gold,Light Purple Brown,55 Eye Size,88077360
Ray-Ban,Aviator RX6489,201.6,No,Yes,Gold,Clear  ,55 Eye Size,95197759
Emporio Armani,EA4223U,206.55,Yes,No,Matte Black,Dark Grey,55 Eye Size,40978300
Oakley,Frogskins Range (A),199.8,No,No,Matte Black,Prizm Grey,55 Eye Size,70273034
Prada,PRA06SF,561.6,No,No,Transparent Military,Dark Grey,55 Eye Size,37901527
Versace,VE3304,272.7,No,Yes,Black,Clear,55 Eye Size,64225239
Oakley,Nxtlvl OX8028,225.9,No,Yes,Polished Clear,Clear,55 Eye Size,46324729
Dolce & Gabbana,DG4449,382.5,Yes,No,Havana and White Barrow,Brown Gradient,55 Eye Size,89160903
Ray-Ban,RB3713D,205.2,No,No,Rose Gold,Violet Gradient Glass,55 Eye Size,36989332
Dolce & Gabbana,DG4416,334.8,No,No,Leopard,Dark Grey,55 Eye Size,87073305
Oakley,Holbrook XL,268.2,Yes,No,Matte Cyan and Blue Colorshift,Prizm Black Polarised,55 Eye Size,54410782
Coach,HC8368D,170.85,Yes,No,Transparent Brown,Brown Gradient,55 Eye Size,97064051
Michael Kors,Flatiron MK2185BU,253.8,No,No,Black,Dark Grey Gradient  ,54 Eye Size,30682994
Prada,PRA06SF,561.6,No,No,Root Tortoise,Dark Brown,54 Eye Size,60556278
Prada,PRA60S,501.3,Yes,No,Brass,Violet,54 Eye Size,95763337
Ray-Ban,Bain Bridge RB3735,219.6,No,No,Arista Gold,Brown Clear Gradient Glass  ,60 Eye Size,53461824
Ray-Ban,Old Aviator RB3825,219.6,No,No,Arista Gold,Brown Clear Gradient Glass  ,62 Eye Size,39743593
Oakley,Gascan,242.1,Yes,No,Matte Black and Cyan,Prizm Black Polarised,62 Eye Size,63053643
Valley,Tomahawk,280,Yes,No,Gloss Black with Gold Metal,Black Polarised,62 Eye Size,31478334
Ray-Ban,Round Metal RX3447V,201.6,No,Yes,Havana on Gold,Clear  ,53 Eye Size,12036954
Tiffany & Co.,TF2232U,460.8,No,Yes,Havana,Clear  ,53 Eye Size,84647244
Ray-Ban,RX7228,181.8,No,Yes,Matte Black,Clear  ,53 Eye Size,70850223
Ray-Ban,RB2210,196.2,No,No,Transparent Brown,Blue Glass,53 Eye Size,94730888
Michael Kors,Nice MK2213,219.6,Yes,No,Dark Tortoise,Brown Gradient,53 Eye Size,86146167
Oakley,Heliostat,242.1,No,No,Blue Steel,Prizm Sapphire Polarised,53 Eye Size,16986652
Ray-Ban,Leonard RX5393,201.6,No,Yes,Striped Beige,Clear  ,51 Eye Size,14901392
Oakley,Latch,217.8,Yes,No,Matte Black,Prizm Sapphire,51 Eye Size,31536583
Ray-Ban,RX7228,181.8,No,Yes,Black,Clear  ,53 Eye Size,20764733
Michael Kors,Malta MK2181U,166.5,No,No,Black,Dark Grey Gradient  ,55 Eye Size,21115668
Burberry,BE1386,355.5,No,Yes,Light Gold,Clear  ,55 Eye Size,52115749
Ray-Ban,RB3751,223.2,Yes,No,Copper,Green Silver Mirror Glass  ,58 Eye Size,38146569
Ray-Ban,RB3727D,232.2,No,No,Arista,Dark Green Polarised,58 Eye Size,55056685
Miu Miu,11WS,509.4,No,No,Honey Havana,Light Green,58 Eye Size,41741775
Prada,PR26ZS,561.6,No,No,Black,Violet,58 Eye Size,63406800
Ray-Ban,Frank RX3857V,201.6,No,Yes,Rose Gold,Clear,58 Eye Size,43494544
Oakley,BiSphaera,300.6,No,No,Matte Black,Prizm Deep Water Polarised,58 Eye Size,30104488
Miu Miu,MU54ZS,538.2,No,No,Pale Gold,Dark Grey,58 Eye Size,34546638
Prada Linea Rossa,PS03PV,324.9,No,Yes,Matte Black,Clear,58 Eye Size,22081599
Ray-Ban,Erika RX7046,169.2,No,Yes,Transparent Grey,Clear,58 Eye Size,97428978
Oakley,Holbrook,205.2,Yes,No,Matte Grenache,Prizm Dark Golf,58 Eye Size,41057668
Serengeti,Delio,413.1,Yes,No,Shiny Classic Havana,555nm Photochromic Polarised Glass,58 Eye Size,13582299
Persol,PO0714,406.8,No,No,Milky Plum,Dark Grey Glass,58 Eye Size,88605016
Ray-Ban,Bain Bridge RB3735,210.6,No,No,Black,Dark Grey Glass  ,60 Eye Size,20753343
Boss,1540/F/SK,319.5,No,No,Black Beige,Grey,60 Eye Size,50523635
Prada,PR15WS,440.1,Yes,No,Root Black,Dark Grey,60 Eye Size,31944388
GUCCI,GG1732SK,700,No,No,Havana,Brown,60 Eye Size,62434144
Oakley,Holbrook,268.2,No,No,Matte Crystal Black,Prizm Black Polarised,60 Eye Size,63516614
Versace,VE1284,329.4,No,Yes,Light Gold,Clear,60 Eye Size,25874334
Oakley,Holbrook (A),205.2,No,No,Matte Grenache,Prizm Dark Golf,60 Eye Size,80601971
Miu Miu,MU07YS,509.4,No,No,Honey Havana,Dark Brown,60 Eye Size,89865570
Persol,PO0649,389.7,Yes,No,Black,Blue Gradient Polarised Glass  ,54 Eye Size,43760885
Boss,1717/S,360,No,No,Black Striped White,Grey Gradient,54 Eye Size,52337293
Valley,Lafayette,260,Yes,No,Maple Tort with Gold Metal,Brown Gradient,54 Eye Size,90240892
Boss,1739/F/SK,360,No,No,Black,Grey,54 Eye Size,86770315
Versace,VE3339U,358.2,No,Yes,Black,Clear,54 Eye Size,72456881
Michael Kors,Nice MK2213,219.6,Yes,No,Amber Graphic Tortoise,Light Brown Gradient,54 Eye Size,80747507
Burberry,BE2405U,496.8,No,Yes,Bordeaux,Clear  ,51 Eye Size,17330398
Oakley,Heliostat,242.1,No,No,Matte Black,Prizm Sapphire Polarised,51 Eye Size,29618788
Oakley Youth,Capacitor,133,No,No,Matte Neon Orange,Prizm Ruby,51 Eye Size,45275520
Coach,HC8392U,215.9,Yes,No,Caramel Tortoise,Brown Gradient,51 Eye Size,80869494
Michael Kors,Bel Air MK2209U,166.5,Yes,No,Brown Transparent,Brown Mirror,51 Eye Size,62519067
Dolce & Gabbana,DG4446B,504.9,No,No,Black,Grey,51 Eye Size,15557034
Ray-Ban,RB3713D,205.2,Yes,No,Rose Gold,Violet Gradient Glass,51 Eye Size,91711963
Oakley,Latch,280.8,No,No,Matte Sepia,Prizm Black Mirror Polarised,51 Eye Size,71973283
Isabel Marant,IM 0185/G/S,414,No,No,Green,Green,51 Eye Size,55703542
Prada Linea Rossa,PS50PV,310.5,No,Yes,Grey Rubber,Clear,51 Eye Size,91943889
Valley,Lafayette,260,Yes,No,Gloss Black with Gold Metal,Black Gradient,51 Eye Size,87255387
Tiffany & Co.,TF2232U,460.8,No,Yes,Fired Brick,Clear  ,53 Eye Size,38931642
Oakley,HSTN,280.8,No,No,Black Ink,Prizm Black Polarised,53 Eye Size,63577055
Versace,VE3314,300.6,No,Yes,Black,Clear,53 Eye Size,87783305
Ray-Ban,Elliot RX5397,201.6,No,Yes,Grey Havana,Clear  ,50 Eye Size,15786791
Prada,PRA51S,592.2,No,No,Pale Gold,Brown Grey Gradient,50 Eye Size,29092534
Burberry,BE2409,355.5,No,Yes,Green Havana,Clear  ,53 Eye Size,27705233
Versace,VE3339U,358.2,No,Yes,Havana,Clear,53 Eye Size,76512214
Raen,Remmy 52,251.96,Yes,No,Crystal Clear,Blue Smoke Polarised,53 Eye Size,10369212
Prada,PRA50S,592.2,No,No,Gold,Dark Brown,53 Eye Size,95592804
Prada,PR19WV,352.8,No,Yes,Crystal Geranium,Clear,53 Eye Size,30029843
GUCCI,GG1664S,700,No,No,Black,Grey,53 Eye Size,76781640
Raen,Remmy 49 Small,251.96,No,No,Cambria,Green Polarised,53 Eye Size,14037748
Valley,Tomahawk,260,Yes,No,Crystal with Silver Metal,Black,53 Eye Size,17270036
Tiffany & Co.,TF2234B,490.5,No,Yes,Crystal,Clear  ,52 Eye Size,20448151
Miu Miu,MU56ZS,538.2,Yes,No,Gold,Light Purple Brown,52 Eye Size,14136857
Ray-Ban,RB3732,196.2,No,No,Black,Dark Grey Glass  ,56 Eye Size,32812458
Michael Kors,San Lucas MK2214U,219.6,Yes,No,Dark Tortoise,Brown Gradient,56 Eye Size,61866836
Arnette,Phoxer AN4338,126.9,No,No,Matte Recycled Black,Dark Grey Polarised,56 Eye Size,23147770
Raen,Remmy 52,251.96,No,No,Crystal Clear,Blue Smoke Polarised,56 Eye Size,15158865
Burberry,BE2408U,440.1,No,Yes,Dark Havana,Clear  ,53 Eye Size,34745474
Oakley,Hstn A,217.8,Yes,No,Matte Black and Duality Swirl,Prizm Black,53 Eye Size,35418459
Oakley,Heliostat,242.1,No,No,Transparent Poseidon,Prizm Deep Water Polarised,53 Eye Size,60689416
Burberry,BE2409,355.5,No,Yes,Dark Havana,Clear  ,53 Eye Size,23192991
Prada,PRA06S,561.6,No,No,Root Tortoise,Dark Brown,53 Eye Size,82472611
Isabel Marant,IM 0184/S,414,No,No,Havana,Grey,53 Eye Size,13934593
Oakley,Radar EV Path,333.9,Yes,No,Matte Grey Ink,Prizm Deep Water Polarised,53 Eye Size,53359789
Versace,VE3362U,340.2,No,Yes,Havana,Clear  ,53 Eye Size,46789405
Versace,VE3362U,340.2,No,Yes,Bordeux,Clear  ,53 Eye Size,59799021
Burberry,BE1381,326.7,No,Yes,Rose Gold,Clear  ,54 Eye Size,60337956
GUCCI,GG1703S,855,No,No,Gold,Brown,54 Eye Size,51816498
Raen,Wiley,251.96,Yes,No,Cambria,Green Polarised,54 Eye Size,96281158
Ray-Ban,Old Aviator RB3825,210.6,No,No,Arista Gold,Green Glass  ,58 Eye Size,47491499
Prada,PR09ZS,592.2,No,No,Black,Pink,58 Eye Size,48925745
Prada,PRA17S,664.2,No,No,Classic Tortoise,Green Polarised Glass  ,54 Eye Size,95267394
Miu Miu,01YS,509.4,No,No,Honey Havana,Dark Brown,54 Eye Size,98427031
Oakley,Radar EV Path,270.9,No,No,Matte Grey Ink,Prizm Trail Torch,54 Eye Size,96030073
Ray-Ban,RB3751,196.2,No,No,Gunmetal,Blue Glass  ,61 Eye Size,85370341
Raen,Remmy 52,251.96,No,No,Cambria,Green Polarised,61 Eye Size,49064908
Oakley,Overhead OX8060,161.1,No,Yes,Transparent Blue,Clear,61 Eye Size,70638511
Valley,Ritual,260,Yes,No,Smoky Quartz Fade with Gold Metal,Black Gradient,61 Eye Size,18474504
Ray-Ban,Old Aviator RB3825,273.6,No,No,Arista Gold,Green Polarised Glass  ,58 Eye Size,32309919
Michael Kors,CATALONIA MK1144B,253.8,Yes,No,Shiny Light Gold,Brown Gradient,58 Eye Size,24685823
Ray-Ban,Hexagonal Legend RB3548,219.6,No,No,Black,Grey Gradient Glass  ,54 Eye Size,66720393
Burberry,BE2406U,383.4,No,Yes,Green,Clear  ,52 Eye Size,44579874
Persol,PO3348V,431.1,No,Yes,Havana,Clear  ,53 Eye Size,98954965
Ray-Ban,Rob RX6472,201.6,No,Yes,Copper,Clear  ,50 Eye Size,34064314
Michael Kors,Karlie MK2170U,228.6,Yes,No,Black,Grey Gradient Polarised,50 Eye Size,65081276
Ray-Ban,Aviator RX6489,201.6,No,Yes,Rose Gold,Clear  ,55 Eye Size,70192073
Coach,HC8393U,215.9,Yes,No,Black,Grey Gradient,55 Eye Size,81101470
Prada,PR59ZV,494.1,No,Yes,Pale Gold,Clear,55 Eye Size,32354806
Michael Kors,Empire Square 3 MK3065J,225,No,Yes,Rose Gold and Pink Tortoise,Clear,55 Eye Size,33655554
Prada Linea Rossa,PSA50S,450.9,No,No,Silver,Grey Silver Mirror Gradient,55 Eye Size,51441366
Persol,PO3351V,346.5,No,Yes,Havana,Clear  ,52 Eye Size,53428882
Versace,VE4361,382.5,No,No,Nude Opal,Pink Grey Gradient Flash Silver,52 Eye Size,80045631
Tiffany & Co.,TF2232U,460.8,No,Yes,Black,Clear  ,53 Eye Size,62728231
Ray-Ban,Leonard RX5393,201.6,No,Yes,Black,Clear  ,51 Eye Size,83047441
Ray-Ban,RB2210,196.2,No,No,Black,Green Glass,51 Eye Size,96166584
Arnette,Bigflip AN4343,115.2,No,No,Transparent Blue,Blue Mirror,51 Eye Size,22276767
Michael Kors,Nice MK2213,255.6,Yes,No,Plum Graphic Tortoise,Cordovan Gradient,51 Eye Size,44395995
Versace,VE4361,382.5,Yes,No,Nude Opal,Pink Grey Gradient Flash Silver,51 Eye Size,56421151
Dolce & Gabbana,DG4416,334.8,Yes,No,Leopard,Dark Grey,51 Eye Size,89223477
Ray-Ban,New Clubmaster RX7216,214.2,No,Yes,Havana on Gold,Clear,51 Eye Size,51159689
Miu Miu,01YS,509.4,No,No,Honey Havana,Dark Brown,51 Eye Size,84821192
Ray-Ban,RB3746,219.6,Yes,No,Arista,Brown Clear Gradient Glass  ,56 Eye Size,34399546
Versace,VE3303,272.7,No,Yes,Transparent Grey,Clear,56 Eye Size,37945631
Ray-Ban,New Wayfarer RX5184,214.2,No,Yes,Black,Clear,56 Eye Size,86891916
Ray-Ban,Old Aviator RB3825,219.6,No,No,Arista Gold,Brown Clear Gradient Glass  ,58 Eye Size,11955031
Michael Kors,Flatiron MK2185BU,253.8,Yes,No,Black,Dark Grey Gradient  ,54 Eye Size,66273664
Ray-Ban,RB3751,196.2,No,No,Gunmetal,Dark Grey Glass  ,61 Eye Size,63694583
Ray-Ban,Old Aviator RB3825,273.6,No,No,Arista Gold,Green Polarised Glass  ,62 Eye Size,16840074
Ray-Ban,RB3749,219.6,No,No,Arista,Brown Clear Gradient Glass  ,55 Eye Size,89845486
Tiffany & Co.,TF2234B,490.5,No,Yes,Havana,Clear  ,54 Eye Size,93829631
Emporio Armani,EA4033,249.05,Yes,No,Matte Grey,Blue Gradient Polarised,54 Eye Size,74593037
Michael Kors,San Lucas MK2214U,219.6,Yes,No,Black,Dark Grey Gradient,54 Eye Size,73263379
Ray-Ban,Zena RX7330,169.2,No,Yes,Algae Green,Clear  ,52 Eye Size,94587352
Valley,Dylan Kain,260,Yes,No,Gloss Black with 24k. Gold Metal Trim,Black,52 Eye Size,11896870
Coach,HC8392U,215.9,Yes,No,Transparent Dusty Rose,Brown Pink Gradient,52 Eye Size,77334391
Ray-Ban,Round Metal RX3447V,201.6,No,Yes,Black on Rose Gold,Clear  ,50 Eye Size,46279798
GUCCI,GG1680S,555,No,No,Havana,Brown,50 Eye Size,87350913
Versace,VE3338,358.2,No,Yes,Transparent Violet,Clear,50 Eye Size,37624787
Ray-Ban,Emy RX6541,169.2,No,Yes,Gold,Clear  ,58 Eye Size,13614839
Michael Kors,Asheville MK2210U,166.5,Yes,No,Brown Transparent,Brown Mirror,58 Eye Size,86403146
Valley,Ritual,260,Yes,No,Sienna Tort with Gold Metal,Brown Gradient,58 Eye Size,28867392
Ray-Ban,RB4435,259.2,Yes,No,Black,Green Polarised Glass  ,59 Eye Size,54813194
Burberry,BE2408U,440.1,No,Yes,Grey,Clear  ,53 Eye Size,98745066
Oakley,Feedback,240.3,No,No,Satin Grenache,Prizm Black Gradient,53 Eye Size,75848765
Coach,HC8391U,179.35,Yes,No,Milky Cloud,Brown Gradient,53 Eye Size,53439520
Versace,VE3313,286.2,No,Yes,Havana,Clear,53 Eye Size,27993415
Prada Linea Rossa,PS06PV,324.9,No,Yes,Crystal Blue,Clear,53 Eye Size,73065601
Ray-Ban,Round Metal RX3447V,201.6,No,Yes,Gold,Clear  ,53 Eye Size,41320763
Versace,VE1284,329.4,No,Yes,Light Gold Havana,Clear,53 Eye Size,22866092
Prada Linea Rossa,PS04NV,268.2,No,Yes,Grey Transparent Rubber,Clear,53 Eye Size,95218622
Oakley,Holbrook,187.2,No,No,Matte Black and Blue Aurora,Prizm Grey,53 Eye Size,78979244
Boss,1724/S,360,No,No,Black Gold,Dark Grey Gradient,53 Eye Size,34564031
Valley,Tomahawk,260,Yes,No,Dark Champagne with Gold Metal,Black,53 Eye Size,32455759
Ray-Ban,RB3751,196.2,Yes,No,Gunmetal,Blue Glass  ,58 Eye Size,47658716
Emporio Armani,EA4223U,206.55,Yes,No,Matte Blue,Dark Blue,58 Eye Size,40657234
Emporio Armani,EA4226D,192.1,Yes,No,Shiny Blue,Dark Blue,58 Eye Size,11733670
Ray-Ban,Old Aviator RB3825,291.6,No,No,Gunmetal,Blue Gradient Polarised Glass  ,58 Eye Size,77122394
Miu Miu,05VV,438.3,No,Yes,Black,Clear  ,55 Eye Size,63817703
Prada,PRA08V,494.1,No,Yes,Matte Black,Clear  ,54 Eye Size,96224516
Michael Kors,Malta MK2181U,166.5,Yes,No,Black,Dark Grey Gradient  ,55 Eye Size,61578064
Burberry,BE1381,326.7,No,Yes,Lilac,Clear  ,54 Eye Size,13228405
Ray-Ban,Erika RX7046,142.2,No,Yes,Havana,Clear,54 Eye Size,54385880
Miu Miu,MU56ZS,538.2,No,No,Gold,Light Purple Brown,54 Eye Size,29471047
Michael Kors,Georgetown MK4105BU,225,No,Yes,Transparent Clear,Clear  ,52 Eye Size,43338379
Prada,PR26ZS,561.6,Yes,No,Root Tortoise,Light Brown,52 Eye Size,13619038
Ray-Ban,RB3751,196.2,Yes,No,Gunmetal,Dark Grey Glass  ,58 Eye Size,56290388
Persol,PO3310S,415.8,Yes,No,Smoke,Black Polarised Glass  ,54 Eye Size,76997565
Ray-Ban,Emy RX6541,169.2,No,Yes,Black,Clear  ,58 Eye Size,28282842
Ray-Ban,Aviator RX6489,201.6,No,Yes,Gunmetal,Clear  ,55 Eye Size,45958573
Oakley,Metalink OX8153,237.6,No,Yes,Satin Black and Green,Clear  ,55 Eye Size,12720953
Ray-Ban,Jim RB3694,219.6,Yes,No,Black on Arista,Vintage Blue Black Gradient Glass  ,55 Eye Size,24351487
Oakley,Radar EV Path,252.9,No,No,Matte Lilac,Prizm Slate,55 Eye Size,36413677
Burberry,BE2406U,383.4,No,Yes,Red Check,Clear  ,52 Eye Size,28205238
Ray-Ban,Emy RX6541,169.2,No,Yes,Silver,Clear  ,58 Eye Size,92513050
Ray-Ban,Wayfarer Way RB2241,210.6,No,No,Havana,Dark Grey Glass  ,54 Eye Size,84973196
Dolce & Gabbana,DG4416,334.8,No,No,Black,Grey,54 Eye Size,55670055
Coach,HC8392U,215.9,Yes,No,Black,Grey Gradient,54 Eye Size,43136217
Ray-Ban,RB3732,196.2,No,No,Arista Gold,Green Glass  ,56 Eye Size,50979155
Serengeti,Shelton,449.1,Yes,No,Shiny Dark Gunmetal,555nm Photochromic Polarised Glass,56 Eye Size,91916908
Ray-Ban,RB2210,196.2,No,No,Transparent Green,Dark Grey Glass,56 Eye Size,68735288
Persol,PO3351V,346.5,No,Yes,Miele,Clear  ,52 Eye Size,39210843
Prada,PRA09S,592.2,No,No,Cognac Tortoise,Brown Gradient,52 Eye Size,38892125
Oakley Youth,Capacitor,133,No,No,Polished Sapphire,Prizm Golf,52 Eye Size,93033102
Valley,Orb,260,Yes,No,Matte Silver Japanese Titanium,Black,52 Eye Size,47499363
Burberry,BE2405U,496.8,No,Yes,Dark Havana,Clear  ,51 Eye Size,25376754
Valley,Ritual,260,Yes,No,Gloss Black with Silver Metal,Orange Gradient,51 Eye Size,84946058
Ray-Ban,RB3749,210.6,Yes,No,Arista,Green Glass  ,55 Eye Size,32301501
Ray-Ban,Rob RX6472,201.6,No,Yes,Gold,Clear  ,50 Eye Size,94138458
Prada,PRA01V,352.8,No,Yes,Black,Clear  ,55 Eye Size,16755751
Ray-Ban,RB3751,196.2,No,No,Gunmetal,Blue Glass  ,58 Eye Size,27382444
Michael Kors,Sanya MK1157D,173.7,Yes,No,Shiny Light Gold,Grey,58 Eye Size,42922551
Valley,Tomahawk,260,No,No,Dark Champagne with Gold Metal,Black,58 Eye Size,86218773
Ray-Ban,RB3746,210.6,Yes,No,Arista,Green Glass  ,56 Eye Size,88620152
Prada,PR09YV,438.3,No,Yes,Tortoise,Clear,56 Eye Size,48376464
Oakley,Holbrook,187.2,Yes,No,Matte Black and Blue Aurora,Prizm Grey,56 Eye Size,69530893
GUCCI,GG1719S,495,No,No,Black,Grey,56 Eye Size,15304140
Oakley Youth,Capacitor,133,Yes,No,Matte Neon Orange,Prizm Ruby,56 Eye Size,98145877
Ray-Ban,Aviator RX6489,201.6,No,Yes,Black,Clear  ,55 Eye Size,17449683
Oakley,Latch,217.8,No,No,Matte Black,Prizm Sapphire,55 Eye Size,90963365
Oakley,HSTN,217.8,No,No,Matte Black Ink,Prizm Black,55 Eye Size,12858273
Oakley,Port Bow OX8164,174.6,No,Yes,Polished Transparent Sepia,Clear  ,55 Eye Size,67864442
Ray-Ban,Emy RB3741,204.3,No,No,Silver,Dark Green Polarised  ,59 Eye Size,91117333
Burberry,BE1386,355.5,No,Yes,Silver,Clear  ,55 Eye Size,17477648
Oakley,Cables,161.1,No,No,Matte Olive Ink,Prizm Bronze,55 Eye Size,47367292
Prada Linea Rossa,PS03PV,324.9,No,Yes,Black and Yellow,Clear,55 Eye Size,43049481
Valley,Tomahawk,260,No,No,Gloss Black with Gold Metal,Black,55 Eye Size,17282451
Persol,PO3235S,415.8,No,No,Miele,Blue Gradient Polarised Glass,55 Eye Size,68529971
Michael Kors,San Lucas MK2214U,219.6,Yes,No,Plum Graphic Tortoise,Cordovan Gradient,55 Eye Size,28892415
Prada,PR56ZV,409.5,No,Yes,Pink Gold,Clear,55 Eye Size,62222922
Tiffany & Co.,TF2232U,460.8,No,Yes,Cloud Pink,Clear  ,55 Eye Size,29384464
Ray-Ban,RB3749,219.6,Yes,No,Black,Grey Gradient Glass  ,55 Eye Size,86279096
Prada,PR01ZVD,352.8,No,Yes,Smoke Crystal Silver,Clear,55 Eye Size,36424893
Prada Linea Rossa,PS06PV,324.9,No,Yes,Black,Clear,55 Eye Size,25839479
Coach,HC8395F,201.45,Yes,No,Amethyst Pink Gradient,Purple Gradient,55 Eye Size,68796712
Ray-Ban,New Clubmaster RX7216,214.2,No,Yes,Blue on Gunmetal,Clear,55 Eye Size,77541021
Ray-Ban,New Wayfarer Classic RB2132,187.2,No,No,Rubber Havana,Dark Grey Glass  ,55 Eye Size,11261942
Oakley,Overhead OX8060,161.1,No,Yes,Matte Olive Ink,Clear,55 Eye Size,47996211
Ray-Ban,Jim RB3694,219.6,No,No,Havana on Gunmetal,Vintage Brown Black Gradient Glass  ,55 Eye Size,96543061
Ray-Ban,Jim RB3694,219.6,No,No,Black on Arista,Vintage Blue Black Gradient Glass  ,55 Eye Size,39926225
Ray-Ban,RX7228,181.8,No,Yes,Havana,Clear  ,53 Eye Size,91759844
Ray-Ban,RB3713D,196.2,No,No,Black,Dark Grey Glass,53 Eye Size,34222754
Prada,PRA09S,592.2,No,No,Root Tortoise,Grey,53 Eye Size,41905800
Oakley Youth,Capacitor,133,No,No,Polished Stonewash,Prizm Road,53 Eye Size,27458124
Ray-Ban,RB3713D,196.2,Yes,No,Black,Dark Grey Glass,53 Eye Size,89804398
Michael Kors,Flatiron MK2185BU,253.8,Yes,No,Dark Tortoise,Brown Gradient  ,54 Eye Size,77471253
Oakley,Hstn A,217.8,No,No,Matte Black and Duality Swirl,Prizm Black,54 Eye Size,18539210
GUCCI,GG1663S,675,No,No,Black,Grey,54 Eye Size,79803110
Ray-Ban,Old Aviator RB3825,219.6,No,No,Silver,Blue Clear Gradient Glass  ,58 Eye Size,12883477
Oakley,Holbrook XL,268.2,No,No,Matte Cyan and Blue Colorshift,Prizm Black Polarised,58 Eye Size,99846151
Ray-Ban,Elliot RX5397,201.6,No,Yes,Yellow and Blue Havana,Clear  ,50 Eye Size,42609843
Oakley,HSTN,307.8,No,No,Navy and Trans Blue,Prizm ,24K Polarised,31844442
Miu Miu,MU56ZS,538.2,No,No,Gold,Light Purple Brown,24K Polarised,56737350
GUCCI,GG1664S,700,No,No,Havana,Brown,24K Polarised,63696904
Ray-Ban,Aviator RX6489,201.6,No,Yes,Rose Gold,Clear  ,58 Eye Size,67734385
Miu Miu,11WS,509.4,No,No,Honey Havana,Light Purple Brown,58 Eye Size,86466117
Tiffany & Co.,TF2236D,460.8,No,Yes,Black on Crystal Tiffany Blue,Clear  ,48 Eye Size,91289871
Versace,VE3339U,358.2,No,Yes,Opal Grey,Clear,48 Eye Size,67932031
Coach,HC8393U,215.9,Yes,No,Transparent Dusty Rose,Brown Pink Gradient,48 Eye Size,73803539
Oakley,BiSphaera,300.6,No,No,Matte Grey Camo,Prizm Sapphire Mirror Polarised,48 Eye Size,44919796
Oakley,Frogskins Range,217.8,No,No,Celeste,Prizm Black Mirror,48 Eye Size,97070219
Prada,PRA51S,592.2,No,No,Silver,Grey Gradient,48 Eye Size,62461296
Oakley,BiSphaera,237.6,No,No,Matte Carbon,Prizm Dark Golf Mirror,48 Eye Size,21400529
Ray-Ban,Wayfarer Way RB2241,273.6,No,No,Striped Havana,Green Polarised Glass  ,54 Eye Size,86411538
Miu Miu,01YS,509.4,Yes,No,Honey Havana,Dark Brown,54 Eye Size,19737001
Prada,PR56ZV,409.5,No,Yes,Silver,Clear,54 Eye Size,29033506
Ray-Ban,Bain Bridge RB3735,273.6,No,No,Arista Gold,Green Polarised Glass  ,57 Eye Size,81974362
Ray-Ban,RB3749,219.6,Yes,No,Arista,Brown Clear Gradient Glass  ,55 Eye Size,33797495
Ray-Ban,RB3749,219.6,No,No,Black,Grey Gradient Glass  ,55 Eye Size,28510318
Prada,PR01ZVD,352.8,No,Yes,Black,Clear,55 Eye Size,94122926
Prada,PRA01V,352.8,No,Yes,Havana,Clear  ,55 Eye Size,70460611
Burberry,BE2406U,383.4,No,Yes,Brown,Clear  ,52 Eye Size,89242813
Prada,PRA06S,561.6,Yes,No,Transparent Dark Grey,Dark Grey,52 Eye Size,89565777
Prada,PRA06SF,561.6,Yes,No,Root Tortoise,Dark Brown,52 Eye Size,29301035
Prada,PR65ZS,440.1,Yes,No,Pale Gold,Dark Green,52 Eye Size,88837333
Versace,VE3326U,286.2,No,Yes,Black,Clear,52 Eye Size,40896420
Prada,PR65ZS,440.1,Yes,No,Pale Gold,Light Purple Brown,52 Eye Size,38253768
Prada Linea Rossa,PSA50S,450.9,No,No,Gunmetal,Grey Gradient,52 Eye Size,20059471
Prada,PR08ZV,494.1,No,Yes,Black,Clear,52 Eye Size,26858245
Coach,HC8391U,179.35,Yes,No,Caramel Tortoise,Brown,52 Eye Size,14121557
Ray-Ban,Frank RX3857V,201.6,No,Yes,Silver,Clear,52 Eye Size,35245781
Oakley,Holbrook,268.2,Yes,No,Matte Crystal Black,Prizm Black Polarised,52 Eye Size,61535842
Ray-Ban,RB3751,223.2,No,No,Copper,Green Silver Mirror Glass  ,61 Eye Size,67084262
Oakley,Castel,205.2,No,No,Matte Silver and Blue Colourshift,Prizm Sapphire,61 Eye Size,91612887
Emporio Armani,EA4058,264.35,Yes,No,Matte Green,Dark Green Polarised,61 Eye Size,39924653
Ray-Ban,RB3713D,233.1,Yes,No,Arista,Dark Green Glass Polarised,61 Eye Size,30121497
Ray-Ban,Elliot RX5397,201.6,No,Yes,Black,Clear  ,50 Eye Size,27375894
Michael Kors,Dupont MK2184U,202.5,Yes,No,Transparent Brown,Brown Gradient Polarised  ,58 Eye Size,85185623
Versace,VE3331U,313.2,No,Yes,Havana,Clear,58 Eye Size,80127766
Ray-Ban,RB3749,210.6,No,No,Arista,Green Glass  ,55 Eye Size,28393826
Michael Kors,Bel Air MK2209U,166.5,Yes,No,Black,Dark Grey,55 Eye Size,60002930
Miu Miu,MU11ZS,509.4,No,No,Honey Havana,Light Purple Brown,55 Eye Size,33033499
Ray-Ban,Mr Burbank RX5383,214.2,No,Yes,Havana on Transparent,Clear,55 Eye Size,43358525
Prada,PRA08V,494.1,No,Yes,Black,Clear  ,54 Eye Size,46570267
Oakley,Holbrook (A),205.2,Yes,No,Matte Grenache,Prizm Dark Golf,54 Eye Size,23071893
Oakley,Thurso,258.3,No,No,Matte Grenache,Prizm Dark Golf,54 Eye Size,92975538
Isabel Marant,IM 0184/S,414,No,No,Black,Grey,54 Eye Size,26118091
Prada,PR18ZV,494.1,No,Yes,Matte Black,Clear,54 Eye Size,13172419
Prada,PR23YS,531.9,Yes,No,Black,Light Brown,54 Eye Size,11596875
Ray-Ban,RB2210,196.2,No,No,Havana,Green Glass,54 Eye Size,35996809
Serengeti,Lenwood,413.1,No,No,Shiny Classic Havana,555nm Photochromic Polarised Glass,54 Eye Size,13281078
Oakley,Nxtlvl OX8028,225.9,No,Yes,Matte Dark Silver Blue Colourshift,Clear,54 Eye Size,28437534
Ray-Ban,Old Aviator RB3825,210.6,No,No,Black,Dark Grey Glass  ,62 Eye Size,69019632
Ray-Ban,RB2210,259.2,No,No,Havana,Brown Polarised Glass,62 Eye Size,67278747
Emporio Armani,EA2155,221.85,Yes,No,Matte Black,Dark Grey,62 Eye Size,66283263
Emporio Armani,EA4227U,249.05,Yes,No,Shiny Black,Dark Grey Polarised,62 Eye Size,25976331
Prada,PR59ZV,494.1,No,Yes,Gold,Clear,62 Eye Size,43188945
Prada,PR62YVD,503.1,No,Yes,Cerise and Pink Gold,Clear,62 Eye Size,29280487
Versace,VE4402,598.5,Yes,No,Black,Dark Grey,62 Eye Size,81312931
Valley,Bang,260,No,No,Transparent Mocha with Rose Gold Metal Trim,Brown,62 Eye Size,35813480
Prada,PRA06S,561.6,Yes,No,Root Tortoise,Dark Brown,62 Eye Size,20283780
Boss,1722/G/S,306,No,No,Black,Dark Grey Gradient,62 Eye Size,93539350
Ray-Ban,Hexagonal Legend RB3548,219.6,Yes,No,Black,Grey Gradient Glass  ,54 Eye Size,28011808
Prada Linea Rossa,PS07PV,324.9,No,Yes,Crystal,Clear,54 Eye Size,56509792
Prada,PR09YV,438.3,No,Yes,Havana,Clear,54 Eye Size,65641839
Oakley,Frogskins Range,244.8,No,No,Matte Black and Matte Grey,Prizm Road,54 Eye Size,35254776
Michael Kors,Dubai MK2211U,166.5,Yes,No,Blue Transparent,Dark Grey,54 Eye Size,78654657
Prada Linea Rossa,PSA51S,450.9,No,No,Matte Champagne,Silver Mirror,54 Eye Size,86658770
Miu Miu,MU07YS,509.4,No,No,Transparent Mauve,Light Purple Brown,54 Eye Size,93054830
Prada Linea Rossa,PS50PV,381.6,No,Yes,Rubber Blue,Clear,54 Eye Size,69619267
Miu Miu,MU11ZS,509.4,No,No,Mahogany Havana,Grey,54 Eye Size,10642439
Boss,1722/G/S,306,No,No,Havana,Green,54 Eye Size,47078851
Oakley Youth,Capacitor,133,No,No,Polished Retina Burn,Prizm Ruby,54 Eye Size,11751384
Miu Miu,MU14ZS,538.2,No,No,Transparent Mauve,Light Purple Brown,54 Eye Size,12825509
Ray-Ban,Bain Bridge RB3735,210.6,No,No,Arista Gold,Green Glass  ,57 Eye Size,59612289
Ray-Ban,RB3751,196.2,No,No,Gunmetal,Dark Grey Glass  ,58 Eye Size,40968251
Emporio Armani,EA4228,235.45,Yes,No,Shiny Black and Matte Pale Gold,Brown Gradient,58 Eye Size,70626643
Oakley,Holbrook (A),187.2,Yes,No,Matte Black and Blue Aurora,Prizm Grey,58 Eye Size,65985495
