Brand,Product_Name,Price,Polarized,Prescription,Frame_Color,Lense_Color,Eye_Size,Item ID
GUCCI,GG1736S,575.0,No,No,Black,Grey,,67279410
GUCCI,GG1732SK,700.0,No,No,Black,Grey,,53115940
GUCCI,GG1719S,495.0,No,No,Black,Grey,,15304140
GUCCI,GG1719S,495.0,No,No,Red,Violet,,31284680
GUCCI,GG1714S,390.0,No,No,Black,Grey Gradient,,30166194
GUCCI,GG1692SA,575.0,No,No,Black,Grey,,27677761
GUCCI,GG1663S,675.0,No,No,Black,Grey,,79803110
GUCCI,GG1778S,655.0,No,No,Black,Grey,,78716885
GUCCI,GG1732SK,700.0,No,No,Havana,Brown,,62434144
GUCCI,GG1703S,855.0,No,No,Silver,Green,,16955649
GUCCI,GG1703S,855.0,No,No,Gold,Brown,,51816498
GUCCI,GG1680S,555.0,No,No,Havana,Brown,,87350913
GUCCI,GG1680S,555.0,No,No,Black,Grey,,57909652
GUCCI,GG1664S,700.0,No,No,Havana,Brown,,63696904
GUCCI,GG1664S,700.0,No,No,Black,Grey,,76781640
GUCCI,GG1661S,575.0,No,No,Black,Grey,,23466505
GUCCI,GG1638SA,780.0,No,No,Black,Grey,,97234223
Miu Miu,MUA50S,625.5,No,No,Silver,Clear Silver Gradient Mirror,,47281372
Miu Miu,MU56ZS,538.2,No,No,Gold,Light Purple Brown,,29471047
Miu Miu,MU54ZS,538.2,No,No,Pale Gold,Dark Grey,,34546638
Miu Miu,MU54ZS,538.2,No,No,Brass Gold,Dark Brown,,58948233
Miu Miu,MU14ZS,538.2,No,No,Black,Dark Grey,,72046777
Miu Miu,MU14ZS,538.2,No,No,Transparent Mauve,Light Purple Brown,,12825509
Miu Miu,MU11ZS,509.4,No,No,Moka,Light Blue,,34874147
Miu Miu,MU11ZS,509.4,No,No,Mahogany Havana,Grey,,10642439
Miu Miu,MU11ZS,509.4,No,No,Honey Havana,Light Purple Brown,,33033499
Miu Miu,11WS,509.4,No,No,Mahogany Havana,Grey,,50797433
Miu Miu,11WS,509.4,No,No,Honey Havana,Light Green,,41741775
Miu Miu,11WS,509.4,No,No,Honey Havana,Light Purple Brown,,86466117
Miu Miu,MU09ZS,596.7,No,No,Caramel,Clear Silver Gradient Mirror,,10615955
Miu Miu,09WS,509.4,No,No,Havana Mogano,Grey,,22944024
Miu Miu,09WS,509.4,No,No,Honey Havana,Green,,69809200
Boss,1712/F/SK,378.0,No,No,Gold,Green,,50716980
Boss,1739/F/SK,360.0,No,No,Black,Grey,,86770315
Boss,1739/F/SK,360.0,No,No,Brown,Grey,,19415501
Boss,1717/S,360.0,No,No,Black Striped White,Grey Gradient,,52337293
Boss,1722/G/S,306.0,No,No,Black,Dark Grey Gradient,,93539350
Boss,1722/G/S,306.0,No,No,Crystal Grey,Grey,,60837960
Boss,1722/G/S,306.0,No,No,Havana,Green,,47078851
Boss,1718/S,360.0,No,No,Black,Grey Gradient,,69065970
Boss,1724/S,360.0,No,No,Black Gold,Dark Grey Gradient,,34564031
Boss,1724/S,360.0,No,No,Black,Grey,,12769176
Boss,1743/S,346.5,No,No,Gold Havana,Grey Brown Gradient,,88098393
Miu Miu,09WS,509.4,No,No,Honey Havana,Light Purple,,31201784
Boss,1540/F/SK,319.5,No,No,Black Beige,Grey,,50523635
Isabel Marant,IM 0184/S,414.0,No,No,Black,Grey,,26118091
Isabel Marant,IM 0184/S,414.0,No,No,Havana,Grey,,13934593
Miu Miu,MU07YS,509.4,No,No,Honey Havana,Dark Brown,,89865570
Isabel Marant,IM 0194/S,319.5,No,No,Havana,Brown,,15958286
Isabel Marant,IM 0194/S,319.5,No,No,Black,Grey,,18505766
Isabel Marant,IM 0189/S,400.5,No,No,Green,Grey Green Gradient,,53229415
Miu Miu,MU07YS,509.4,No,No,Transparent Mauve,Light Purple Brown,,93054830
Isabel Marant,IM 0189/S,400.5,No,No,Black,Grey,,90219392
Isabel Marant,IM 0185/G/S,414.0,No,No,Green,Green,,55703542
Isabel Marant,IM 0185/G/S,414.0,No,No,Havana,Grey,,50406173
Isabel Marant,IM 0185/G/S,414.0,No,No,Burgundy,Brown,,76276122
Miu Miu,01YS,509.4,No,No,Honey Havana,Dark Brown,,98427031
Prada Linea Rossa,PSA51S,450.9,No,No,Matte Black,Dark Grey,,17251564
Prada Linea Rossa,PSA51S,450.9,No,No,Matte Champagne,Silver Mirror,,86658770
Prada Linea Rossa,PSA50S,450.9,No,No,Gunmetal,Grey Gradient,,20059471
Prada Linea Rossa,PSA50S,504.9,No,No,Matte Black,Dark Grey Polarised,,43638085
Prada Linea Rossa,PSA50S,450.9,No,No,Silver,Grey Silver Mirror Gradient,,51441366
Prada Linea Rossa,PS53ZS,450.9,No,No,Matte Black,Dark Grey,,83725239
Prada,PRA60S,501.3,No,No,Brass,Violet,,18704438
Prada,PRA59S,501.3,No,No,Gold,Olive Green,,21775407
Prada,PRA59S,501.3,No,No,Black,Grey Silver Mirror,,53958381
Prada,PRA51S,592.2,No,No,Pale Gold,Brown Grey Gradient,,46837995
Prada,PRA51S,592.2,No,No,Silver,Grey Gradient,,56886355
Prada,PRA50S,592.2,No,No,Gold,Dark Brown,,95592804
Prada,PRA17S,664.2,No,No,Classic Tortoise,Green Polarised Glass  ,54 Eye Size,95267394
Prada,PRA09S,592.2,No,No,Poppy Tortoise,Light Purple Brown,,98816091
Prada,PRA09S,592.2,No,No,Root Tortoise,Grey,,41905800
Prada,PRA09S,592.2,No,No,Cognac Tortoise,Brown Gradient,,38892125
Prada,PRA06SF,561.6,No,No,Transparent Military,Dark Grey,,37901527
Oakley,Enigma Ink OX8190,237.6,No,Prescribed Glasses,Satin Black,Clear  ,55 Eye Size,60069500
Ray-Ban,Kat RX7327,169.2,No,Prescribed Glasses,Lilac,Clear  ,50 Eye Size,45682106
Ray-Ban,Kat RX7327,169.2,No,Prescribed Glasses,Algae Green,Clear  ,50 Eye Size,53395907
Ray-Ban,Kat RX7327,169.2,No,Prescribed Glasses,Havana,Clear  ,50 Eye Size,64020203
Ray-Ban,Kat RX7327,169.2,No,Prescribed Glasses,Black,Clear  ,50 Eye Size,11172224
Ray-Ban,Emy RX6541,169.2,No,Prescribed Glasses,Copper,Clear  ,58 Eye Size,79441518
Ray-Ban,Emy RX6541,169.2,No,Prescribed Glasses,Black,Clear  ,58 Eye Size,28282842
Ray-Ban,Emy RX6541,169.2,No,Prescribed Glasses,Silver,Clear  ,58 Eye Size,92513050
Ray-Ban,Emy RX6541,169.2,No,Prescribed Glasses,Gold,Clear  ,58 Eye Size,13614839
Ray-Ban,Zena RX7330,169.2,No,Prescribed Glasses,Algae Green,Clear  ,52 Eye Size,94587352
Ray-Ban,Zena RX7330,169.2,No,Prescribed Glasses,Havana,Clear  ,52 Eye Size,88393137
Ray-Ban,Zena RX7330,169.2,No,Prescribed Glasses,Black,Clear  ,52 Eye Size,54247924
Ray-Ban,Zena RX7330,169.2,No,Prescribed Glasses,Lilac,Clear  ,52 Eye Size,61151814
Versace,VE3362U,340.2,No,Prescribed Glasses,Bordeux,Clear  ,53 Eye Size,59799021
Versace,VE3362U,340.2,No,Prescribed Glasses,Pink,Clear  ,53 Eye Size,40139262
Versace,VE3362U,340.2,No,Prescribed Glasses,Havana,Clear  ,53 Eye Size,46789405
Versace,VE3362U,340.2,No,Prescribed Glasses,Black,Clear  ,53 Eye Size,93201413
Prada Linea Rossa,PS04QV,352.8,No,Prescribed Glasses,Black Rubber,Clear  ,54 Eye Size,27861337
Persol,PO3351V,346.5,No,Prescribed Glasses,Black,Clear  ,52 Eye Size,26029126
Persol,PO3351V,346.5,No,Prescribed Glasses,Havana,Clear  ,52 Eye Size,53428882
Persol,PO3351V,346.5,No,Prescribed Glasses,Miele,Clear  ,52 Eye Size,39210843
Persol,PO3348V,431.1,No,Prescribed Glasses,Black,Clear  ,53 Eye Size,15049963
Persol,PO3348V,431.1,No,Prescribed Glasses,Blue Havana,Clear  ,53 Eye Size,62155339
Persol,PO3348V,431.1,No,Prescribed Glasses,Brown Havana,Clear  ,53 Eye size,60424024
Persol,PO3348V,431.1,No,Prescribed Glasses,Havana,Clear  ,53 Eye Size,98954965
Oakley,Centerboard OX8163,174.6,No,Prescribed Glasses,Polished Clear,Clear  ,55 Eye Size,85480112
Burberry,BE1381,326.7,No,Prescribed Glasses,Lilac,Clear  ,54 Eye Size,13228405
Burberry,BE1381,326.7,No,Prescribed Glasses,Rose Gold,Clear  ,54 Eye Size,60337956
Burberry,BE2408U,440.1,No,Prescribed Glasses,Grey,Clear  ,53 Eye Size,98745066
Burberry,BE2408U,440.1,No,Prescribed Glasses,Dark Havana,Clear  ,53 Eye Size,34745474
Burberry,BE2408U,440.1,No,Prescribed Glasses,Blue Havana,Clear  ,53 Eye Size,69733882
Burberry,BE2408U,440.1,No,Prescribed Glasses,Green,Clear  ,53 Eye Size,26679099
Burberry,BE2405U,496.8,No,Prescribed Glasses,Dark Havana,Clear  ,51 Eye Size,25376754
Burberry,BE2405U,496.8,No,Prescribed Glasses,Bordeaux,Clear  ,51 Eye Size,17330398
Burberry,BE2405U,496.8,No,Prescribed Glasses,Dark Grey,Clear  ,51 Eye Size,85652406
Burberry,BE2393D,270.0,No,Prescribed Glasses,Dark Havana,Clear,,23892069
Burberry,BE2393D,270.0,No,Prescribed Glasses,Black,Clear,,51260237
Burberry,BE2393D,270.0,No,Prescribed Glasses,Matte Black,Clear,,88232722
Burberry,BE2388,326.7,No,Prescribed Glasses,Black,Clear  ,50 Eye Size,41753974
Burberry,BE2388,326.7,No,Prescribed Glasses,Dark Havana,Clear  ,50 Eye Size,16569228
Burberry,BE2409,355.5,No,Prescribed Glasses,Green Havana,Clear  ,53 Eye Size,27705233
Burberry,BE2409,355.5,No,Prescribed Glasses,Dark Havana,Clear  ,53 Eye Size,23192991
Burberry,BE2409,355.5,No,Prescribed Glasses,Black,Clear  ,53 Eye Size,52018924
Burberry,BE2406U,383.4,No,Prescribed Glasses,Red Check,Clear  ,52 Eye Size,28205238
Burberry,BE2406U,383.4,No,Prescribed Glasses,Green,Clear  ,52 Eye Size,44579874
Burberry,BE2406U,383.4,No,Prescribed Glasses,Brown,Clear  ,52 Eye Size,89242813
Burberry,BE1386,355.5,No,Prescribed Glasses,Dark Grey,Clear  ,55 Eye Size,21814993
Burberry,BE1386,355.5,No,Prescribed Glasses,Silver,Clear  ,55 Eye Size,17477648
Burberry,BE1386,355.5,No,Prescribed Glasses,Light Gold,Clear  ,55 Eye Size,52115749
Prada,PR21ZV,466.2,No,Prescribed Glasses,White,Clear  ,53 Eye Size,84849511
Prada,PR21ZV,466.2,No,Prescribed Glasses,Honey Tortoise,Clear  ,53 Eye Size,40316928
Prada,PRA01V,352.8,No,Prescribed Glasses,Havana,Clear  ,55 Eye Size,70460611
Prada,PRA01V,352.8,No,Prescribed Glasses,Black Transparent Havana,Clear  ,55 Eye Size,78214072
Prada,PRA01V,352.8,No,Prescribed Glasses,Black,Clear  ,55 Eye Size,16755751
Prada,PRA03V,438.3,No,Prescribed Glasses,Red Havana,Clear  ,52 Eye Size,68625421
Prada,PRA03V,438.3,No,Prescribed Glasses,Black,Clear  ,52 Eye Size,92728317
Prada,PRA03V,438.3,No,Prescribed Glasses,Havana Magma,Clear  ,52 Eye Size,94892918
Ray-Ban,Leonard RX5393,201.6,No,Prescribed Glasses,Striped Beige,Clear  ,51 Eye Size,14901392
Ray-Ban,Leonard RX5393,201.6,No,Prescribed Glasses,Havana,Clear  ,51 Eye Size,68604321
Ray-Ban,Leonard RX5393,201.6,No,Prescribed Glasses,Black,Clear  ,51 Eye Size,83047441
Ray-Ban,Erik RX7215,214.2,No,Prescribed Glasses,Striped Havana,Clear  ,51 Eye Size,95923292
Ray-Ban,Erik RX7215,214.2,No,Prescribed Glasses,Havana,Clear  ,51 Eye Size,63463782
Ray-Ban,Erik RX7215,214.2,No,Prescribed Glasses,Black,Clear  ,51 Eye Size,48325679
Ray-Ban,RX7228,181.8,No,Prescribed Glasses,Opal Dark Grey,Clear  ,53 Eye Size,34240747
Ray-Ban,RX7228,181.8,No,Prescribed Glasses,Havana,Clear  ,53 Eye Size,91759844
Ray-Ban,RX7228,181.8,No,Prescribed Glasses,Black,Clear  ,53 Eye Size,20764733
Ray-Ban,RX7228,181.8,No,Prescribed Glasses,Matte Black,Clear  ,53 Eye Size,70850223
Ray-Ban,Round Metal RX3447V,201.6,No,Prescribed Glasses,Black on Rose Gold,Clear  ,53 Eye Size,20389774
Ray-Ban,Round Metal RX3447V,201.6,No,Prescribed Glasses,Black on Rose Gold,Clear  ,50 Eye Size,46279798
Ray-Ban,Round Metal RX3447V,201.6,No,Prescribed Glasses,Gunmetal,Clear  ,53 Eye Size,84375303
Ray-Ban,Round Metal RX3447V,201.6,No,Prescribed Glasses,Havana on Gold,Clear  ,53 Eye Size,12036954
Ray-Ban,Round Metal RX3447V,201.6,No,Prescribed Glasses,Gold,Clear  ,53 Eye Size,41320763
Ray-Ban,Erika RX7046,169.2,No,Prescribed Glasses,Transparent Brown,Clear,,37409483
Ray-Ban,Erika RX7046,169.2,No,Prescribed Glasses,Transparent Pink,Clear,,27999320
Ray-Ban,Rob RX6472,201.6,No,Prescribed Glasses,Copper,Clear  ,50 Eye Size,34064314
Ray-Ban,Rob RX6472,201.6,No,Prescribed Glasses,Gold,Clear  ,50 Eye Size,94138458
Ray-Ban,Aviator RX6489,201.6,No,Prescribed Glasses,Rose Gold,Clear  ,58 Eye Size,67734385
Ray-Ban,Aviator RX6489,201.6,No,Prescribed Glasses,Rose Gold,Clear  ,55 Eye Size,70192073
Prada,PRA08V,494.1,No,Prescribed Glasses,Black,Clear  ,54 Eye Size,46570267
Ray-Ban,Aviator RX6489,201.6,No,Prescribed Glasses,Gunmetal,Clear  ,55 Eye Size,45958573
Prada,PRA08V,494.1,No,Prescribed Glasses,Havana Black Transparent,Clear  ,54 Eye Size,31366569
Prada,PRA08V,494.1,No,Prescribed Glasses,Matte Black,Clear  ,54 Eye Size,96224516
Ray-Ban,Aviator RX6489,201.6,No,Prescribed Glasses,Black,Clear  ,55 Eye Size,17449683
Ray-Ban,Aviator RX6489,201.6,No,Prescribed Glasses,Silver,Clear  ,55 Eye Size,79189032
Ray-Ban,Aviator RX6489,201.6,No,Prescribed Glasses,Gold,Clear  ,55 Eye Size,95197759
Ray-Ban,Elliot RX5397,201.6,No,Prescribed Glasses,Yellow and Blue Havana,Clear  ,50 Eye Size,42609843
Ray-Ban,Elliot RX5397,201.6,No,Prescribed Glasses,Havana,Clear  ,50 Eye Size,87241066
Ray-Ban,Elliot RX5397,201.6,No,Prescribed Glasses,Black,Clear  ,50 Eye Size,27375894
Ray-Ban,Elliot RX5397,201.6,No,Prescribed Glasses,Grey Havana,Clear  ,50 Eye Size,15786791
Prada,PR18WV,466.2,No,Prescribed Glasses,Tortoise,Clear  ,52 Eye Size,67899738
Oakley,Hstn OX8139 (A),201.6,No,Prescribed Glasses,Polished Clear,Clear,,91408925
Oakley,Nxtlvl OX8028,225.9,No,Prescribed Glasses,Matte Dark Silver Blue Colourshift,Clear,,28437534
Oakley,Nxtlvl OX8028,225.9,No,Prescribed Glasses,Polished Clear,Clear,,46324729
Oakley,Port Bow OX8164,174.6,No,Prescribed Glasses,Polished Clear,Clear  ,53 Eye Size,49307076
Oakley,Port Bow OX8164,174.6,No,Prescribed Glasses,Polished Transparent Sepia,Clear  ,55 Eye Size,67864442
Oakley,Overhead OX8060,161.1,No,Prescribed Glasses,Transparent Blue,Clear,,70638511
Oakley,Overhead OX8060,161.1,No,Prescribed Glasses,Matte Olive Ink,Clear,,47996211
Oakley,Overhead OX8060,161.1,No,Prescribed Glasses,Polished Trans Jade,Clear,,97016309
Oakley,Metalink OX8153,237.6,No,Prescribed Glasses,Satin Black and Green,Clear  ,55 Eye Size,12720953
Oakley,Metalink OX8153,237.6,No,Prescribed Glasses,Balsam,Clear  ,55 Eye Size,29805237
Michael Kors,Georgetown MK4105BU,225.0,No,Prescribed Glasses,Pink Tortoise,Clear  ,52 Eye Size,15548150
Michael Kors,Georgetown MK4105BU,225.0,No,Prescribed Glasses,Transparent Clear,Clear  ,52 Eye Size,43338379
Michael Kors,Empire Square 3 MK3065J,225.0,No,Prescribed Glasses,Rose Gold and Pink Tortoise,Clear,,33655554
Dolce & Gabbana,DG3372,342.0,No,Prescribed Glasses,Havana,Clear  ,52 Eye Size,12513177
Prada Linea Rossa,PS04NV,268.2,No,Prescribed Glasses,Grey Transparent Rubber,Clear,,95218622
Dolce & Gabbana,DG3372,342.0,No,Prescribed Glasses,Black,Clear  ,52 Eye Size,37911846
Prada Linea Rossa,PS04NV,324.9,No,Prescribed Glasses,Rubber Black,Clear,,19117418
Prada Linea Rossa,PS04NV,324.9,No,Prescribed Glasses,Black,Clear,,31080369
Dolce & Gabbana,DG5025,312.3,No,Prescribed Glasses,Transparent Pink,Clear,,37592527
Prada Linea Rossa,PS50PV,310.5,No,Prescribed Glasses,Grey Rubber,Clear,,91943889
Prada Linea Rossa,PS50PV,381.6,No,Prescribed Glasses,Black and Silver,Clear,,31797935
Prada Linea Rossa,PS50PV,381.6,No,Prescribed Glasses,Rubber Blue,Clear,,69619267
Prada Linea Rossa,PS03PV,324.9,No,Prescribed Glasses,Matte Black,Clear,,22081599
Prada Linea Rossa,PS03PV,324.9,No,Prescribed Glasses,Black and Yellow,Clear,,43049481
Prada Linea Rossa,PS03PV,324.9,No,Prescribed Glasses,Matte Grey,Clear,,14509239
Prada Linea Rossa,PS06PV,324.9,No,Prescribed Glasses,Black Rubber,Clear,,79872429
Prada Linea Rossa,PS06PV,324.9,No,Prescribed Glasses,Crystal Blue,Clear,,73065601
Prada Linea Rossa,PS06PV,324.9,No,Prescribed Glasses,Black,Clear,,25839479
Tiffany & Co.,TF2236D,460.8,No,Prescribed Glasses,Havana,Clear  ,48 Eye Size,90241561
Prada Linea Rossa,PS07PV,324.9,No,Prescribed Glasses,Black,Clear,,70318679
Prada Linea Rossa,PS07PV,324.9,No,Prescribed Glasses,Black Rubber,Clear,,90551502
Prada Linea Rossa,PS07PV,324.9,No,Prescribed Glasses,Crystal,Clear,,56509792
Prada,PR19WV,352.8,No,Prescribed Glasses,Caramel Tortoise,Clear,,70857078
Prada,PR19WV,352.8,No,Prescribed Glasses,Crystal Geranium,Clear,,30029843
Prada,PR65YV,409.5,No,Prescribed Glasses,Black and Gold,Clear,,46820423
Prada,PR65YV,409.5,No,Prescribed Glasses,Brown and Pale Gold,Clear,,35581903
Prada,PR65YV,409.5,No,Prescribed Glasses,Black and Pale Gold,Clear,,79511823
Tiffany & Co.,TF2234B,490.5,No,Prescribed Glasses,Black On Tiffany Blue,Clear,,10723634
Tiffany & Co.,TF2234B,490.5,No,Prescribed Glasses,Havana,Clear  ,54 Eye Size,93829631
Tiffany & Co.,TF2234B,490.5,No,Prescribed Glasses,Crystal,Clear  ,52 Eye Size,20448151
Tiffany & Co.,TF2236D,460.8,No,Prescribed Glasses,Black on Crystal Tiffany Blue,Clear  ,48 Eye Size,91289871
Versace,VE3326U,286.2,No,Prescribed Glasses,Black,Clear,,40896420
Versace,VE3314,300.6,No,Prescribed Glasses,Havana,Clear,,43796976
Versace,VE3314,300.6,No,Prescribed Glasses,Black,Clear,,87783305
Versace,VE3313,286.2,No,Prescribed Glasses,Havana,Clear,,27993415
Versace,VE3313,286.2,No,Prescribed Glasses,Black,Clear,,36845393
Versace,VE1284,329.4,No,Prescribed Glasses,Light Gold Havana,Clear,,22866092
Versace,VE1284,329.4,No,Prescribed Glasses,Light Gold,Clear,,25874334
Versace,VE3304,272.7,No,Prescribed Glasses,Black,Clear,,64225239
Versace,VE3304,272.7,No,Prescribed Glasses,Transparent Pink,Clear,,12219848
Versace,VE3334,329.4,No,Prescribed Glasses,Black,Clear,,65819852
Versace,VE3334,329.4,No,Prescribed Glasses,Opal Pink,Clear,,95875196
Tiffany & Co.,TF2232U,460.8,No,Prescribed Glasses,Havana,Clear  ,53 Eye Size,84647244
Tiffany & Co.,TF2232U,460.8,No,Prescribed Glasses,Fired Brick,Clear  ,53 Eye Size,38931642
Tiffany & Co.,TF2232U,460.8,No,Prescribed Glasses,Cloud Pink,Clear  ,55 Eye Size,29384464
Tiffany & Co.,TF2232U,460.8,No,Prescribed Glasses,Black,Clear  ,53 Eye Size,62728231
Miu Miu,04UV,438.3,No,Prescribed Glasses,Opal Anise,Clear,,83640238
Miu Miu,04UV,438.3,No,Prescribed Glasses,Black,Clear,,29860548
Miu Miu,04UV,438.3,No,Prescribed Glasses,Honey Havana,Clear,,48152951
Miu Miu,01VV,438.3,No,Prescribed Glasses,Clear,Clear  ,52 Eye Size,47424158
Miu Miu,01VV,438.3,No,Prescribed Glasses,Black,Clear  ,52 Eye Size,54238702
Miu Miu,04UV,438.3,No,Prescribed Glasses,Opal Cognac,Clear,,59764543
Miu Miu,05VV,438.3,No,Prescribed Glasses,Black,Clear  ,55 Eye Size,63817703
Versace,VE3331U,313.2,No,Prescribed Glasses,Black,Clear,,10270843
Versace,VE3331U,313.2,No,Prescribed Glasses,Havana,Clear,,80127766
Versace,VE1280,286.2,No,Prescribed Glasses,Pale Gold,Clear,,22893335
Versace,VE3339U,358.2,No,Prescribed Glasses,Havana,Clear,,76512214
Versace,VE3339U,358.2,No,Prescribed Glasses,Opal Grey,Clear,,67932031
Versace,VE3339U,358.2,No,Prescribed Glasses,Black,Clear,,72456881
Versace,VE3303,272.7,No,Prescribed Glasses,Transparent Grey,Clear,,37945631
Versace,VE3338,358.2,No,Prescribed Glasses,Black,Clear,,20659374
Versace,VE3338,358.2,No,Prescribed Glasses,Havana,Clear,,17459213
Versace,VE3338,358.2,No,Prescribed Glasses,Transparent Violet,Clear,,37624787
Versace,VE1286D,329.4,No,Prescribed Glasses,Gold,Clear,,37648661
Prada,PR02ZV,310.5,No,Prescribed Glasses,Etruscan Marble,Clear,,49328465
Prada,PR01ZVD,352.8,No,Prescribed Glasses,Smoke Crystal Silver,Clear,,36424893
Prada,PR01ZVD,352.8,No,Prescribed Glasses,Black,Clear,,94122926
Prada,PR62YVD,503.1,No,Prescribed Glasses,Cerise and Pink Gold,Clear,,29280487
Prada,PR18ZV,494.1,No,Prescribed Glasses,Matte Black,Clear,,13172419
Prada,PR18ZV,494.1,No,Prescribed Glasses,Crystal Grey,Clear,,62974688
Prada,PR18ZV,494.1,No,Prescribed Glasses,Havana Red,Clear,,56460104
Prada,PR07ZV,409.5,No,Prescribed Glasses,Black,Clear,,80614211
Prada,PR15WV,310.5,No,Prescribed Glasses,Grey Crystal,Clear,,28921299
Prada,PR59ZV,494.1,No,Prescribed Glasses,Gold,Clear,,43188945
Prada,PR59ZV,494.1,No,Prescribed Glasses,Pale Gold,Clear,,32354806
Prada,PR08ZV,494.1,No,Prescribed Glasses,Black,Clear,,26858245
Prada,PR09YV,438.3,No,Prescribed Glasses,Tortoise,Clear,,48376464
Prada,PR09YV,438.3,No,Prescribed Glasses,Black,Clear,,38067612
Prada,PR09YV,438.3,No,Prescribed Glasses,Havana,Clear,,65641839
Prada,PR52ZV,494.1,No,Prescribed Glasses,Pale Gold,Clear,,59303591
Prada,PR56ZV,409.5,No,Prescribed Glasses,Pink Gold,Clear,,62222922
Prada,PR56ZV,409.5,No,Prescribed Glasses,Silver,Clear,,29033506
Prada,PR56ZV,409.5,No,Prescribed Glasses,Pale Gold,Clear,,56729211
Ray-Ban,New Clubmaster RX7216,214.2,No,Prescribed Glasses,Blue on Gunmetal,Clear,,77541021
Ray-Ban,New Clubmaster RX7216,214.2,No,Prescribed Glasses,Black on Silver,Clear,,72385789
Ray-Ban,New Clubmaster RX7216,214.2,No,Prescribed Glasses,Havana on Gold,Clear,,51159689
Ray-Ban,Frank RX3857V,201.6,No,Prescribed Glasses,Black,Clear,,73160108
Ray-Ban,Frank RX3857V,201.6,No,Prescribed Glasses,Rose Gold,Clear,,43494544
Ray-Ban,Frank RX3857V,201.6,No,Prescribed Glasses,Gold,Clear,,39939340
Ray-Ban,Frank RX3857V,201.6,No,Prescribed Glasses,Silver,Clear,,35245781
Ray-Ban,Elliot RX5397,201.6,No,Prescribed Glasses,Brown Grey Havana,Clear  ,48 Eye Size,86680478
Ray-Ban,Elliot RX5397,201.6,No,Prescribed Glasses,Havana,Clear  ,48 Eye Size,39734059
Ray-Ban,Elliot RX5397,201.6,No,Prescribed Glasses,Yellow and Blue Havana,Clear  ,48 Eye Size,54833162
Ray-Ban,New Wayfarer RX5184,214.2,No,Prescribed Glasses,Black,Clear,,86891916
Ray-Ban,RX7159,214.2,No,Prescribed Glasses,Havana,Clear,,42147870
Ray-Ban,Erika RX7046,169.2,No,Prescribed Glasses,Transparent Grey,Clear,,97428978
Ray-Ban,Erika RX7046,142.2,No,Prescribed Glasses,Havana,Clear,,54385880
Ray-Ban,Erika RX7046,169.2,No,Prescribed Glasses,Transparent,Clear,,49133136
Ray-Ban,Mr Burbank RX5383,214.2,No,Prescribed Glasses,Havana on Transparent,Clear,,43358525
Ray-Ban,Mr Burbank RX5383,214.2,No,Prescribed Glasses,Black,Clear,,14297487
Miu Miu,MU56ZS,538.2,No,Prescribed Sunglasses,Gold,Light Purple Brown,,56737350
Miu Miu,01YS,509.4,No,Prescribed Sunglasses,Honey Havana,Dark Brown,,84821192
Prada,PRA60S,501.3,No,Prescribed Sunglasses,Brass,Violet,,60211797
Prada,PRA51S,592.2,No,Prescribed Sunglasses,Pale Gold,Brown Grey Gradient,,29092534
Prada,PRA51S,592.2,No,Prescribed Sunglasses,Silver,Grey Gradient,,62461296
Prada,PRA06SF,561.6,No,Prescribed Sunglasses,Root Tortoise,Dark Brown,,60556278
Prada,PRA06S,561.6,No,Prescribed Sunglasses,Root Tortoise,Dark Brown,,82472611
Prada,PRA06S,561.6,No,Prescribed Sunglasses,Transparent Dark Grey,Dark Grey,,44855040
Prada,PRA01S,531.9,No,Prescribed Sunglasses,Black,Light Brown,,44205366
Prada,PR65ZS,440.1,No,Prescribed Sunglasses,Pale Gold,Dark Green,,13492417
Prada,PR65ZS,440.1,No,Prescribed Sunglasses,Pale Gold,Light Purple Brown,,88077360
Prada,PR26ZS,561.6,No,Prescribed Sunglasses,Root Tortoise,Light Brown,,77061131
Prada,PR26ZS,561.6,No,Prescribed Sunglasses,Black,Violet,,63406800
Prada,PR26ZS,561.6,No,Prescribed Sunglasses,Opal Milk,Light Brown,,56959251
Prada,PR23YS,531.9,No,Prescribed Sunglasses,Black,Light Brown,,66198336
Prada,PR15WS,440.1,No,Prescribed Sunglasses,Root Black,Dark Grey,,42745694
Prada,PR09ZS,592.2,No,Prescribed Sunglasses,Black,Pink,,48925745
Prada,PR02ZS,603.9,No,Prescribed Sunglasses,Black,Green Polarised Glass,,84242326
Prada,PR02ZS,531.9,No,Prescribed Sunglasses,Root Tortoise,Blue Glass,,16519413
Michael Kors,Flatiron MK2185BU,253.8,No,Prescribed Sunglasses,Dark Tortoise,Brown Gradient  ,54 Eye Size,61528121
Michael Kors,Flatiron MK2185BU,253.8,No,Prescribed Sunglasses,Black,Dark Grey Gradient  ,54 Eye Size,30682994
Michael Kors,Malta MK2181U,166.5,No,Prescribed Sunglasses,Black,Dark Grey Gradient  ,55 Eye Size,21115668
Versace,VE4361,382.5,No,Prescribed Sunglasses,Nude Opal,Pink Grey Gradient Flash Silver,,80045631
Valley,Tomahawk,280.0,No,Prescribed Sunglasses,Gloss Black with Gold Metal,Black Polarised,,74783605
Coach,HC8391U,179.35,No,Prescribed Sunglasses,Caramel Tortoise,Brown,,22205496
Emporio Armani,EA4219,264.35,No,Prescribed Sunglasses,Matte Black,Grey Polarised,,63735524
Versace,VE4361,382.5,No,Prescribed Sunglasses,Crystal,Dark Blue,,96322217
Persol,PO3315S,389.7,No,Prescribed Sunglasses,Smoke,Black Polarised Glass  ,55 Eye Size,44034787
Persol,PO3310S,415.8,No,Prescribed Sunglasses,Smoke,Black Polarised Glass  ,54 Eye Size,40133969
Persol,PO3235S,415.8,No,Prescribed Sunglasses,Miele,Blue Gradient Polarised Glass,,68529971
Persol,PO0714,406.8,No,Prescribed Sunglasses,Milky Plum,Dark Grey Glass,,88605016
Dolce & Gabbana,DG4449,382.5,No,Prescribed Sunglasses,Havana and White Barrow,Brown Gradient,,74876580
Dolce & Gabbana,DG4416,334.8,No,Prescribed Sunglasses,Black,Grey,,55670055
Dolce & Gabbana,DG4416,334.8,No,Prescribed Sunglasses,Leopard,Dark Grey,,87073305
Dolce & Gabbana,DG4416,334.8,No,Prescribed Sunglasses,Havana,Dark Brown,,78723178
Valley,Tomahawk,260.0,No,Prescribed Sunglasses,Dark Champagne with Gold Metal,Black,,86218773
Valley,Tomahawk,260.0,No,Prescribed Sunglasses,Crystal with Silver Metal,Black,,39878751
Valley,Tomahawk,260.0,No,Prescribed Sunglasses,Gloss Black with Gold Metal,Black,,17282451
Oakley,Spindrift,280.8,No,Prescribed Sunglasses,Matte Black and Crystal Blue Fade,Prizm Black Polarised,,22578126
Oakley,Holbrook XL,268.2,No,Prescribed Sunglasses,Matte Cyan and Blue Colorshift,Prizm Black Polarised,,99846151
Oakley,Thurso,258.3,No,Prescribed Sunglasses,Matte Grenache,Prizm Dark Golf,,92975538
Oakley,Frogskins Range,244.8,No,Prescribed Sunglasses,Matte Transparent Blue,Prizm Black,,61182841
Oakley,Latch,217.8,No,Prescribed Sunglasses,Matte Black,Prizm Sapphire,,90963365
Oakley,Holbrook (A),187.2,No,Prescribed Sunglasses,Matte Black and Blue Aurora,Prizm Grey,,46937700
Oakley,Holbrook (A),205.2,No,Prescribed Sunglasses,Matte Grenache,Prizm Dark Golf,,80601971
Oakley,Hstn A,217.8,No,Prescribed Sunglasses,Matte Black and Duality Swirl,Prizm Black,,18539210
Oakley,Heliostat,242.1,No,Prescribed Sunglasses,Matte Black,Prizm Sapphire Polarised,,29618788
Oakley,Radar EV Path,270.9,No,Prescribed Sunglasses,Matte Grey Ink,Prizm Trail Torch,,96030073
Oakley,Radar EV Path,252.9,No,Prescribed Sunglasses,Matte Lilac,Prizm Slate,,36413677
Oakley,Radar EV Path,333.9,No,Prescribed Sunglasses,Matte Grey Ink,Prizm Deep Water Polarised,,39775104
Oakley,Holbrook,187.2,No,Prescribed Sunglasses,Matte Black and Duality Swirl,Prizm Grey,,50650721
Oakley,Holbrook,268.2,No,Prescribed Sunglasses,Matte Crystal Black,Prizm Black Polarised,,63516614
Oakley,Holbrook,187.2,No,Prescribed Sunglasses,Matte Black and Blue Aurora,Prizm Grey,,78979244
Oakley,Holbrook,205.2,No,Prescribed Sunglasses,Matte Grenache,Prizm Dark Golf,,29125745
Oakley,Gascan,242.1,No,Prescribed Sunglasses,Matte Black and Cyan,Prizm Black Polarised,,95527613
Oakley Youth,Capacitor,133.0,No,Prescribed Sunglasses,Matte Neon Orange,Prizm Ruby,,45275520
Serengeti,Shelton,449.1,No,Prescribed Sunglasses,Shiny Dark Gunmetal,555nm Photochromic Polarised Glass,,90032079
Serengeti,Lenwood,413.1,No,Prescribed Sunglasses,Shiny Classic Havana,555nm Photochromic Polarised Glass,,13281078
Serengeti,Lenwood,413.1,No,Prescribed Sunglasses,Shiny Crystal Dark Green,Drivers Photochromic Polarised Glass,,38704751
Serengeti,Delio,413.1,No,Prescribed Sunglasses,Shiny Classic Havana,555nm Photochromic Polarised Glass,,69672671
Ray-Ban,RB3751,223.2,No,Prescribed Sunglasses,Copper,Green Silver Mirror Glass  ,61 Eye Size,67084262
Ray-Ban,RB3751,223.2,No,Prescribed Sunglasses,Copper,Green Silver Mirror Glass  ,58 Eye Size,46422811
Ray-Ban,RB3751,196.2,No,Prescribed Sunglasses,Gunmetal,Blue Glass  ,61 Eye Size,85370341
Ray-Ban,RB3751,196.2,No,Prescribed Sunglasses,Gunmetal,Blue Glass  ,58 Eye Size,27382444
Ray-Ban,RB3751,196.2,No,Prescribed Sunglasses,Gunmetal,Dark Grey Glass  ,61 Eye Size,63694583
Ray-Ban,RB3751,196.2,No,Prescribed Sunglasses,Gunmetal,Dark Grey Glass  ,58 Eye Size,40968251
Ray-Ban,RB3751,196.2,No,Prescribed Sunglasses,Black,Green Glass  ,61 Eye Size,46711874
Ray-Ban,RB3751,196.2,No,Prescribed Sunglasses,Black,Green Glass  ,58 Eye Size,83394529
Ray-Ban,RB3749,273.6,No,Prescribed Sunglasses,Havana on Gold,Green Glass Polarised  ,55 Eye Size,18380200
Ray-Ban,RB3749,219.6,No,Prescribed Sunglasses,Black,Grey Gradient Glass  ,55 Eye Size,28510318
Ray-Ban,RB3749,219.6,No,Prescribed Sunglasses,Arista,Brown Clear Gradient Glass  ,55 Eye Size,89845486
Ray-Ban,RB3749,210.6,No,Prescribed Sunglasses,Arista,Green Glass  ,55 Eye Size,28393826
Ray-Ban,RB3746,219.6,No,Prescribed Sunglasses,Black,Grey Gradient Glass  ,56 Eye Size,91165614
Ray-Ban,RB3746,219.6,No,Prescribed Sunglasses,Arista,Brown Clear Gradient Glass  ,56 Eye Size,82979253
Ray-Ban,RB3746,210.6,No,Prescribed Sunglasses,Arista,Green Glass  ,56 Eye Size,22950526
Ray-Ban,RB3713D,205.2,No,Prescribed Sunglasses,Rose Gold,Violet Gradient Glass,,36989332
Ray-Ban,RB3713D,196.2,No,Prescribed Sunglasses,Black,Dark Grey Glass,,34222754
Ray-Ban,RB3713D,233.1,No,Prescribed Sunglasses,Arista,Dark Green Glass Polarised,,82243625
Ray-Ban,Jim RB3694,219.6,No,Prescribed Sunglasses,Black on Arista,Vintage Blue Black Gradient Glass  ,55 Eye Size,39926225
Ray-Ban,Jim RB3694,219.6,No,Prescribed Sunglasses,Havana on Gunmetal,Vintage Brown Black Gradient Glass  ,55 Eye Size,96543061
Ray-Ban,RB3727D,232.2,No,Prescribed Sunglasses,Arista,Dark Green Polarised,,55056685
Ray-Ban,Hexagonal Legend RB3548,219.6,No,Prescribed Sunglasses,Arista,Green Vintage Gradient Glass  ,51 Eye Size,14612418
Ray-Ban,Hexagonal Legend RB3548,219.6,No,Prescribed Sunglasses,Black,Grey Gradient Glass  ,54 Eye Size,66720393
Valley,Dylan Kain,260.0,No,Prescribed Sunglasses,Gloss Black with 24k. Gold Metal Trim,Black,,55240386
Dolce & Gabbana,DG4446B,504.9,No,Prescribed Sunglasses,Black,Grey,,15557034
Raen,Wiley,251.96,No,Prescribed Sunglasses,Cambria,Green Polarised,,57580807
Raen,Remmy 52,251.96,No,Prescribed Sunglasses,Cambria,Green Polarised,,49064908
Raen,Remmy 49 Small,251.96,No,Prescribed Sunglasses,Cambria,Green Polarised,,14037748
Raen,Remmy 52,251.96,No,Prescribed Sunglasses,Crystal Clear,Blue Smoke Polarised,,15158865
Raen,Remmy 49 Small,251.96,No,Prescribed Sunglasses,Crystal Clear,Blue Smoke Polarised,,10514953
Ray-Ban,New Round RB3637,232.2,No,Prescribed Sunglasses,Gold,Blue Gradient Glass  ,53 Eye Size,68947362
Ray-Ban,Old Aviator RB3825,210.6,No,Prescribed Sunglasses,Rose Gold,Blue Glass  ,62 Eye Size,66950074
Ray-Ban,Old Aviator RB3825,210.6,No,Prescribed Sunglasses,Rose Gold,Blue Glass  ,58 Eye Size,63513004
Ray-Ban,Old Aviator RB3825,291.6,No,Prescribed Sunglasses,Gunmetal,Blue Gradient Polarised Glass  ,62 Eye Size,92397680
Ray-Ban,Old Aviator RB3825,291.6,No,Prescribed Sunglasses,Gunmetal,Blue Gradient Polarised Glass  ,58 Eye Size,77122394
Ray-Ban,Old Aviator RB3825,219.6,No,Prescribed Sunglasses,Silver,Blue Clear Gradient Glass  ,62 Eye Size,61023340
Ray-Ban,Old Aviator RB3825,219.6,No,Prescribed Sunglasses,Silver,Blue Clear Gradient Glass  ,58 Eye Size,12883477
Ray-Ban,Old Aviator RB3825,210.6,No,Prescribed Sunglasses,Black,Dark Grey Glass  ,62 Eye Size,69019632
Ray-Ban,Old Aviator RB3825,210.6,No,Prescribed Sunglasses,Black,Dark Grey Glass  ,58 Eye Size,78400976
Valley,Bang,260.0,No,Prescribed Sunglasses,Transparent Mocha with Rose Gold Metal Trim,Brown,,35813480
Ray-Ban,Old Aviator RB3825,273.6,No,Prescribed Sunglasses,Arista Gold,Green Polarised Glass  ,62 Eye Size,16840074
Ray-Ban,Old Aviator RB3825,273.6,No,Prescribed Sunglasses,Arista Gold,Green Polarised Glass  ,58 Eye Size,32309919
Ray-Ban,Old Aviator RB3825,219.6,No,Prescribed Sunglasses,Arista Gold,Brown Clear Gradient Glass  ,62 Eye Size,39743593
Ray-Ban,Old Aviator RB3825,219.6,No,Prescribed Sunglasses,Arista Gold,Brown Clear Gradient Glass  ,58 Eye Size,11955031
Ray-Ban,Old Aviator RB3825,210.6,No,Prescribed Sunglasses,Arista Gold,Green Glass  ,62 Eye Size,72172756
Oakley,BiSphaera,300.6,No,Prescribed Sunglasses,Matte Carbon,Prizm ,24K Mirror Polarised,61448395
Oakley,BiSphaera,282.6,No,Prescribed Sunglasses,Grey Smoke,Clear to Black Iridium Photochromic Mirror,,20379333
Oakley,BiSphaera,300.6,No,Prescribed Sunglasses,Matte Black,Prizm Deep Water Polarised,,30104488
Oakley,BiSphaera,237.6,No,Prescribed Sunglasses,Matte Black,Prizm Road,,79953344
Oakley,BiSphaera,237.6,No,Prescribed Sunglasses,Matte Carbon,Prizm Dark Golf Mirror,,21400529
Ray-Ban,Old Aviator RB3825,210.6,No,Prescribed Sunglasses,Arista Gold,Green Glass  ,58 Eye Size,47491499
Oakley,BiSphaera,237.6,No,Prescribed Sunglasses,Matte Black,Prizm Golf,,63579042
Oakley,BiSphaera,300.6,No,Prescribed Sunglasses,Matte Grey Camo,Prizm Sapphire Mirror Polarised,,44919796
Ray-Ban,Emy RB3741,195.3,No,Prescribed Sunglasses,Light Gold,Dark Grey Silver Flash Mirror  ,59 Eye Size,54630428
Ray-Ban,Emy RB3741,204.3,No,Prescribed Sunglasses,Silver,Dark Green Polarised  ,59 Eye Size,91117333
Oakley,BiSphaera,300.6,No,Prescribed Sunglasses,Matte Olive Camo,Prizm Tungsten Mirror Polarised,,17960673
Oakley,BiSphaera,237.6,No,Prescribed Sunglasses,Polished White,Prizm Ruby Mirror,,77367194
Oakley,BiSphaera,237.6,No,Prescribed Sunglasses,Steel,Prizm Mirror Black,,31899456
Oakley,Frogskins Range (A),217.8,No,Prescribed Sunglasses,Matte Clear,Prizm Violet Mirror,,76993893
Oakley,Frogskins Range (A),199.8,No,Prescribed Sunglasses,Matte Black,Prizm Grey,,70273034
Oakley,Frogskins Range,244.8,No,Prescribed Sunglasses,Matte Black and Matte Grey,Prizm Road,,35254776
Oakley,Frogskins Range,217.8,No,Prescribed Sunglasses,Matte Clear,Prizm Violet Mirror,,94689755
Oakley,Frogskins Range,217.8,No,Prescribed Sunglasses,Celeste,Prizm Black Mirror,,97070219
Oakley,Latch,280.8,No,Prescribed Sunglasses,Matte Sepia,Prizm Black Mirror Polarised,,71973283
Ray-Ban,Bain Bridge RB3735,210.6,No,Prescribed Sunglasses,Rose Gold,Blue Glass  ,57 Eye Size,61101515
Ray-Ban,Bain Bridge RB3735,219.6,No,Prescribed Sunglasses,Silver,Blue Clear Gradient Glass  ,57 Eye Size,82440417
Ray-Ban,Bain Bridge RB3735,210.6,No,Prescribed Sunglasses,Black,Dark Grey Glass  ,60 Eye Size,20753343
Ray-Ban,Bain Bridge RB3735,210.6,No,Prescribed Sunglasses,Black,Dark Grey Glass  ,57 Eye Size,89982913
Ray-Ban,Bain Bridge RB3735,273.6,No,Prescribed Sunglasses,Arista Gold,Green Polarised Glass  ,60 Eye Size,49452138
Ray-Ban,Bain Bridge RB3735,273.6,No,Prescribed Sunglasses,Arista Gold,Green Polarised Glass  ,57 Eye Size,81974362
Ray-Ban,Bain Bridge RB3735,219.6,No,Prescribed Sunglasses,Arista Gold,Brown Clear Gradient Glass  ,60 Eye Size,53461824
Ray-Ban,Bain Bridge RB3735,219.6,No,Prescribed Sunglasses,Arista Gold,Brown Clear Gradient Glass  ,57 Eye Size,43747283
Ray-Ban,Bain Bridge RB3735,210.6,No,Prescribed Sunglasses,Arista Gold,Green Glass  ,60 Eye Size,19488915
Ray-Ban,Bain Bridge RB3735,210.6,No,Prescribed Sunglasses,Arista Gold,Green Glass  ,57 Eye Size,59612289
Ray-Ban,RB3732,223.2,No,Prescribed Sunglasses,Silver,Green Silver Mirror Glass  ,59 Eye Size,67854226
Ray-Ban,RB3732,223.2,No,Prescribed Sunglasses,Silver,Green Silver Mirror Glass  ,56 Eye Size,82545390
Ray-Ban,RB3732,196.2,No,Prescribed Sunglasses,Black,Dark Grey Glass  ,59 Eye Size,95157056
Ray-Ban,RB3732,196.2,No,Prescribed Sunglasses,Black,Dark Grey Glass  ,56 Eye Size,32812458
Ray-Ban,RB3732,259.2,No,Prescribed Sunglasses,Arista Gold,Brown Polarised Glass  ,59 Eye Size,29970335
Ray-Ban,RB3732,259.2,No,Prescribed Sunglasses,Arista Gold,Brown Polarised Glass  ,56 Eye Size,45935898
Ray-Ban,RB3732,259.2,No,Prescribed Sunglasses,Arista Gold,Black Polarised Glass  ,59 Eye Size,52381428
Ray-Ban,RB3732,259.2,No,Prescribed Sunglasses,Arista Gold,Black Polarised Glass  ,56 Eye Size,87164054
Ray-Ban,RB3732,196.2,No,Prescribed Sunglasses,Arista Gold,Green Glass  ,59 Eye Size,11882487
Ray-Ban,RB3732,196.2,No,Prescribed Sunglasses,Arista Gold,Green Glass  ,56 Eye Size,50979155
Ray-Ban,Wayfarer Way RB2241,273.6,No,Prescribed Sunglasses,Striped Havana,Green Polarised Glass  ,54 Eye Size,86411538
Ray-Ban,Wayfarer Way RB2241,210.6,No,Prescribed Sunglasses,Havana,Dark Grey Glass  ,54 Eye Size,84973196
Oakley,HSTN,307.8,No,Prescribed Sunglasses,Navy and Trans Blue,Prizm ,24K Polarised,31844442
Ray-Ban,Wayfarer Way RB2241,210.6,No,Prescribed Sunglasses,Black,Green Glass  ,54 Eye Size,21196132
Oakley,HSTN,217.8,No,Prescribed Sunglasses,Matte Black Ink,Prizm Black,,12858273
Ray-Ban,Wayfarer Way RB2241,219.6,No,Prescribed Sunglasses,Grey Havana,Grey Gradient Glass  ,54 Eye Size,50584172
Oakley,HSTN,280.8,No,Prescribed Sunglasses,Black Ink,Prizm Black Polarised,,63577055
Oakley,Heliostat,242.1,No,Prescribed Sunglasses,Transparent Poseidon,Prizm Deep Water Polarised,,60689416
Oakley,Heliostat,242.1,No,Prescribed Sunglasses,Blue Steel,Prizm Sapphire Polarised,,16986652
Oakley,Castel,205.2,No,Prescribed Sunglasses,Matte Silver and Blue Colourshift,Prizm Sapphire,,91612887
Oakley,Castel,268.2,No,Prescribed Sunglasses,Blue Steel,Prizm Deep Water Polarised,,68717762
Arnette,Bigflip AN4343,142.2,No,Prescribed Sunglasses,Dark Havana,Dark Blue Polarised,,34763021
Arnette,Bigflip AN4343,115.2,No,Prescribed Sunglasses,Transparent Blue,Blue Mirror,,22276767
Oakley,Cables,161.1,No,Prescribed Sunglasses,Matte Olive Ink,Prizm Bronze,,47367292
Oakley,Cables,179.1,No,Prescribed Sunglasses,Blue Steel,Prizm Sapphire,,99750712
Oakley,Cables,161.1,No,Prescribed Sunglasses,Transparent Poseidon,Prizm Grey,,83991261
Arnette,Phoxer AN4338,99.9,No,Prescribed Sunglasses,Frosted Sage,Dark Green,,48968638
Arnette,Phoxer AN4338,126.9,No,Prescribed Sunglasses,Frosted Blue,Dark Blue Polarised,,97914656
Arnette,Phoxer AN4338,126.9,No,Prescribed Sunglasses,Matte Recycled Black,Dark Grey Polarised,,23147770
Arnette,Phoxer AN4338,99.9,No,Prescribed Sunglasses,Frosted Grey,Dark Grey,,56852515
Arnette,Thekidd AN4318,144.0,No,Prescribed Sunglasses,Ivory,Brown Gradient,,35850290
Arnette,Thekidd AN4318,144.0,No,Prescribed Sunglasses,Dark Havana,Dark Green,,58070367
Oakley,Holbrook,268.2,No,Prescribed Sunglasses,Black,Prizm Black Polarised,,45890407
Ray-Ban,RB2210,259.2,No,Prescribed Sunglasses,Havana,Brown Polarised Glass,,67278747
Oakley,Leffingwell,268.2,No,Prescribed Sunglasses,Matte Brown Tortoise,Prizm Black Polarised,,63492534
Ray-Ban,RB2210,196.2,No,Prescribed Sunglasses,Havana,Green Glass,,35996809
Oakley,Ojector,205.2,No,Prescribed Sunglasses,Matte Brown Tortoise,Prizm Black,,15035140
Ray-Ban,RB2210,259.2,No,Prescribed Sunglasses,Black,Green Polarised Glass,,53662252
Oakley,Feedback,258.3,No,Prescribed Sunglasses,Satin Gunmetal,Prizm Dark Golf,,50325151
Oakley,Feedback,240.3,No,Prescribed Sunglasses,Satin Grenache,Prizm Black Gradient,,75848765
Ray-Ban,RB2210,196.2,No,Prescribed Sunglasses,Black,Green Glass,,96166584
Oakley Youth,Capacitor,133.0,No,Prescribed Sunglasses,Polished Stonewash,Prizm Road,,27458124
Ray-Ban,RB2210,196.2,No,Prescribed Sunglasses,Transparent Brown,Blue Glass,,94730888
Ray-Ban,RB2210,205.2,No,Prescribed Sunglasses,Transparent Brown,Brown Clear Gradient Glass,,72842469
Oakley Youth,Capacitor,133.0,No,Prescribed Sunglasses,Polished Sapphire,Prizm Golf,,93033102
Oakley Youth,Capacitor,133.0,No,Prescribed Sunglasses,Polished Retina Burn,Prizm Ruby,,11751384
Oakley Youth,Capacitor,133.0,No,Prescribed Sunglasses,Polished White,Prizm Field,,38115738
Ray-Ban,RB2210,196.2,No,Prescribed Sunglasses,Transparent Green,Dark Grey Glass,,68735288
Ray-Ban,RB2206D,196.2,No,Prescribed Sunglasses,Black,Dark Grey,,66439870
Oakley Youth,Capacitor,133.0,No,Prescribed Sunglasses,Polished White,Prizm Sapphire,,82520055
Ray-Ban,RB2206D,196.2,No,Prescribed Sunglasses,Transparent Brown,Dark Brown,,20589960
Oakley Youth,Capacitor,114.0,No,Prescribed Sunglasses,Polished Black,Prizm Grey,,26410574
Ray-Ban,RB2206D,196.2,No,Prescribed Sunglasses,Transparent Grey,Dark Grey,,30222675
Ray-Ban,New Wayfarer Classic RB2132,187.2,No,Prescribed Sunglasses,New Wayfarer Classic RB2132 Rubber Havana,Dark Grey Glass  ,58 Eye Size,95728648
Ray-Ban,New Wayfarer Classic RB2132,187.2,No,Prescribed Sunglasses,Rubber Havana,Dark Grey Glass  ,55 Eye Size,11261942
Ray-Ban,New Wayfarer Classic RB2132,187.2,No,Prescribed Sunglasses,Rubber Havana,Dark Grey Glass  ,52 Eye Size,92786202
Oakley Youth,Frogskins XS,160.55,No,Prescribed Sunglasses,Dark Galaxy,Prizm Jade,,42007217
Miu Miu,MU56ZS,538.2,Yes,Prescribed Sunglasses,Gold,Light Purple Brown,,14136857
Miu Miu,01YS,509.4,Yes,Prescribed Sunglasses,Honey Havana,Dark Brown,,19737001
Prada,PRA60S,501.3,Yes,Prescribed Sunglasses,Brass,Violet,,95763337
Prada,PRA51S,592.2,Yes,Prescribed Sunglasses,Pale Gold,Brown Grey Gradient,,93259146
Prada,PRA51S,592.2,Yes,Prescribed Sunglasses,Silver,Grey Gradient,,49994252
Prada,PRA06SF,561.6,Yes,Prescribed Sunglasses,Root Tortoise,Dark Brown,,29301035
Prada,PRA06S,561.6,Yes,Prescribed Sunglasses,Root Tortoise,Dark Brown,,20283780
Prada,PRA06S,561.6,Yes,Prescribed Sunglasses,Transparent Dark Grey,Dark Grey,,89565777
Prada,PRA01S,531.9,Yes,Prescribed Sunglasses,Black,Light Brown,,26742454
Prada,PR65ZS,440.1,Yes,Prescribed Sunglasses,Pale Gold,Dark Green,,88837333
Prada,PR65ZS,440.1,Yes,Prescribed Sunglasses,Pale Gold,Light Purple Brown,,38253768
Prada,PR26ZS,561.6,Yes,Prescribed Sunglasses,Root Tortoise,Light Brown,,13619038
Prada,PR26ZS,561.6,Yes,Prescribed Sunglasses,Black,Violet,,84748587
Prada,PR26ZS,561.6,Yes,Prescribed Sunglasses,Opal Milk,Light Brown,,16464264
Prada,PR23YS,531.9,Yes,Prescribed Sunglasses,Black,Light Brown,,11596875
Prada,PR15WS,440.1,Yes,Prescribed Sunglasses,Root Black,Dark Grey,,31944388
Prada,PR09ZS,592.2,Yes,Prescribed Sunglasses,Black,Pink,,90889164
Prada,PR02ZS,603.9,Yes,Prescribed Sunglasses,Black,Green Polarised Glass,,86613400
Prada,PR02ZS,531.9,Yes,Prescribed Sunglasses,Root Tortoise,Blue Glass,,49284724
Michael Kors,Flatiron MK2185BU,253.8,Yes,Prescribed Sunglasses,Dark Tortoise,Brown Gradient  ,54 Eye Size,77471253
Michael Kors,Flatiron MK2185BU,253.8,Yes,Prescribed Sunglasses,Black,Dark Grey Gradient  ,54 Eye Size,66273664
Michael Kors,Malta MK2181U,166.5,Yes,Prescribed Sunglasses,Black,Dark Grey Gradient  ,55 Eye Size,61578064
Versace,VE4361,382.5,Yes,Prescribed Sunglasses,Nude Opal,Pink Grey Gradient Flash Silver,,56421151
Valley,Tomahawk,280.0,Yes,Prescribed Sunglasses,Gloss Black with Gold Metal,Black Polarised,,31478334
Coach,HC8391U,179.35,Yes,Prescribed Sunglasses,Caramel Tortoise,Brown,,14121557
Emporio Armani,EA4219,264.35,Yes,Prescribed Sunglasses,Matte Black,Grey Polarised,,67461577
Versace,VE4361,382.5,Yes,Prescribed Sunglasses,Crystal,Dark Blue,,99883679
Persol,PO3315S,389.7,Yes,Prescribed Sunglasses,Smoke,Black Polarised Glass  ,55 Eye Size,74320755
Persol,PO3310S,415.8,Yes,Prescribed Sunglasses,Smoke,Black Polarised Glass  ,54 Eye Size,76997565
Persol,PO3235S,415.8,Yes,Prescribed Sunglasses,Miele,Blue Gradient Polarised Glass,,33202072
Persol,PO0714,406.8,Yes,Prescribed Sunglasses,Milky Plum,Dark Grey Glass,,91919492
Dolce & Gabbana,DG4449,382.5,Yes,Prescribed Sunglasses,Havana and White Barrow,Brown Gradient,,89160903
Dolce & Gabbana,DG4416,334.8,Yes,Prescribed Sunglasses,Black,Grey,,31996605
Dolce & Gabbana,DG4416,334.8,Yes,Prescribed Sunglasses,Leopard,Dark Grey,,89223477
Dolce & Gabbana,DG4416,334.8,Yes,Prescribed Sunglasses,Havana,Dark Brown,,45715889
Valley,Tomahawk,260.0,Yes,Prescribed Sunglasses,Dark Champagne with Gold Metal,Black,,32455759
Valley,Tomahawk,260.0,Yes,Prescribed Sunglasses,Crystal with Silver Metal,Black,,17270036
Valley,Tomahawk,260.0,Yes,Prescribed Sunglasses,Gloss Black with Gold Metal,Black,,93792298
Oakley,Spindrift,280.8,Yes,Prescribed Sunglasses,Matte Black and Crystal Blue Fade,Prizm Black Polarised,,93635479
Oakley,Holbrook XL,268.2,Yes,Prescribed Sunglasses,Matte Cyan and Blue Colorshift,Prizm Black Polarised,,54410782
Oakley,Thurso,258.3,Yes,Prescribed Sunglasses,Matte Grenache,Prizm Dark Golf,,94007454
Oakley,Frogskins Range,244.8,Yes,Prescribed Sunglasses,Matte Transparent Blue,Prizm Black,,91971186
Oakley,Latch,217.8,Yes,Prescribed Sunglasses,Matte Black,Prizm Sapphire,,31536583
Oakley,Holbrook (A),187.2,Yes,Prescribed Sunglasses,Matte Black and Blue Aurora,Prizm Grey,,65985495
Oakley,Holbrook (A),205.2,Yes,Prescribed Sunglasses,Matte Grenache,Prizm Dark Golf,,23071893
Oakley,Hstn A,217.8,Yes,Prescribed Sunglasses,Matte Black and Duality Swirl,Prizm Black,,35418459
Oakley,Heliostat,242.1,Yes,Prescribed Sunglasses,Matte Black,Prizm Sapphire Polarised,,16195782
Oakley,Radar EV Path,270.9,Yes,Prescribed Sunglasses,Matte Grey Ink,Prizm Trail Torch,,81217390
Oakley,Radar EV Path,252.9,Yes,Prescribed Sunglasses,Matte Lilac,Prizm Slate,,38928031
Oakley,Radar EV Path,333.9,Yes,Prescribed Sunglasses,Matte Grey Ink,Prizm Deep Water Polarised,,53359789
Oakley,Holbrook,187.2,Yes,Prescribed Sunglasses,Matte Black and Duality Swirl,Prizm Grey,,23541283
Oakley,Holbrook,268.2,Yes,Prescribed Sunglasses,Matte Crystal Black,Prizm Black Polarised,,61535842
Oakley,Holbrook,187.2,Yes,Prescribed Sunglasses,Matte Black and Blue Aurora,Prizm Grey,,69530893
Oakley,Holbrook,205.2,Yes,Prescribed Sunglasses,Matte Grenache,Prizm Dark Golf,,41057668
Oakley,Gascan,242.1,Yes,Prescribed Sunglasses,Matte Black and Cyan,Prizm Black Polarised,,63053643
Oakley Youth,Capacitor,133.0,Yes,Prescribed Sunglasses,Matte Neon Orange,Prizm Ruby,,98145877
Serengeti,Shelton,449.1,Yes,Prescribed Sunglasses,Shiny Dark Gunmetal,555nm Photochromic Polarised Glass,,91916908
Serengeti,Lenwood,413.1,Yes,Prescribed Sunglasses,Shiny Classic Havana,555nm Photochromic Polarised Glass,,91517297
Serengeti,Lenwood,413.1,Yes,Prescribed Sunglasses,Shiny Crystal Dark Green,Drivers Photochromic Polarised Glass,,82952967
Serengeti,Delio,413.1,Yes,Prescribed Sunglasses,Shiny Classic Havana,555nm Photochromic Polarised Glass,,13582299
Ray-Ban,RB3751,223.2,Yes,Prescribed Sunglasses,Copper,Green Silver Mirror Glass  ,61 Eye Size,22822926
Ray-Ban,RB3751,223.2,Yes,Prescribed Sunglasses,Copper,Green Silver Mirror Glass  ,58 Eye Size,38146569
Ray-Ban,RB3751,196.2,Yes,Prescribed Sunglasses,Gunmetal,Blue Glass  ,61 Eye Size,96008060
Ray-Ban,RB3751,196.2,Yes,Prescribed Sunglasses,Gunmetal,Blue Glass  ,58 Eye Size,47658716
Ray-Ban,RB3751,196.2,Yes,Prescribed Sunglasses,Gunmetal,Dark Grey Glass  ,61 Eye Size,16574286
Ray-Ban,RB3751,196.2,Yes,Prescribed Sunglasses,Gunmetal,Dark Grey Glass  ,58 Eye Size,56290388
Ray-Ban,RB3751,196.2,Yes,Prescribed Sunglasses,Black,Green Glass  ,61 Eye Size,92363445
Ray-Ban,RB3751,196.2,Yes,Prescribed Sunglasses,Black,Green Glass  ,58 Eye Size,65371722
Ray-Ban,RB3749,273.6,Yes,Prescribed Sunglasses,Havana on Gold,Green Glass Polarised  ,55 Eye Size,33575172
Ray-Ban,RB3749,219.6,Yes,Prescribed Sunglasses,Black,Grey Gradient Glass  ,55 Eye Size,86279096
Ray-Ban,RB3749,219.6,Yes,Prescribed Sunglasses,Arista,Brown Clear Gradient Glass  ,55 Eye Size,33797495
Ray-Ban,RB3749,210.6,Yes,Prescribed Sunglasses,Arista,Green Glass  ,55 Eye Size,32301501
Ray-Ban,RB3746,219.6,Yes,Prescribed Sunglasses,Black,Grey Gradient Glass  ,56 Eye Size,93090153
Ray-Ban,RB3746,219.6,Yes,Prescribed Sunglasses,Arista,Brown Clear Gradient Glass  ,56 Eye Size,34399546
Ray-Ban,RB3746,210.6,Yes,Prescribed Sunglasses,Arista,Green Glass  ,56 Eye Size,88620152
Ray-Ban,RB3713D,205.2,Yes,Prescribed Sunglasses,Rose Gold,Violet Gradient Glass,,91711963
Ray-Ban,RB3713D,196.2,Yes,Prescribed Sunglasses,Black,Dark Grey Glass,,89804398
Ray-Ban,RB3713D,233.1,Yes,Prescribed Sunglasses,Arista,Dark Green Glass Polarised,,30121497
Ray-Ban,Jim RB3694,219.6,Yes,Prescribed Sunglasses,Black on Arista,Vintage Blue Black Gradient Glass  ,55 Eye Size,24351487
Ray-Ban,Jim RB3694,219.6,Yes,Prescribed Sunglasses,Havana on Gunmetal,Vintage Brown Black Gradient Glass  ,55 Eye Size,31485446
Ray-Ban,RB3727D,232.2,Yes,Prescribed Sunglasses,Arista,Dark Green Polarised,,82890135
Ray-Ban,Hexagonal Legend RB3548,219.6,Yes,Prescribed Sunglasses,Arista,Green Vintage Gradient Glass  ,51 Eye Size,32033450
Ray-Ban,Hexagonal Legend RB3548,219.6,Yes,Prescribed Sunglasses,Black,Grey Gradient Glass  ,54 Eye Size,28011808
Valley,Dylan Kain,260.0,Yes,Prescribed Sunglasses,Gloss Black with 24k. Gold Metal Trim,Black,,11896870
Dolce & Gabbana,DG4446B,504.9,Yes,Prescribed Sunglasses,Black,Grey,,76022325
Raen,Wiley,251.96,Yes,Prescribed Sunglasses,Cambria,Green Polarised,,96281158
Raen,Remmy 52,251.96,Yes,Prescribed Sunglasses,Cambria,Green Polarised,,33712608
Raen,Remmy 49 Small,251.96,Yes,Prescribed Sunglasses,Cambria,Green Polarised,,12605726
Raen,Remmy 52,251.96,Yes,Prescribed Sunglasses,Crystal Clear,Blue Smoke Polarised,,10369212
Raen,Remmy 49 Small,251.96,Yes,Prescribed Sunglasses,Crystal Clear,Blue Smoke Polarised,,62833490
Ray-Ban,New Round RB3637,232.2,Yes,Prescribed Sunglasses,Gold,Blue Gradient Glass  ,53 Eye Size,71144378
Coach,HC8396U,201.45,Yes,Prescribed Sunglasses,Black,Grey Gradient,,96154766
Coach,HC8395F,201.45,Yes,Prescribed Sunglasses,Amethyst Pink Gradient,Purple Gradient,,68796712
Coach,HC8395F,201.45,Yes,Prescribed Sunglasses,Black,Grey Gradient,,15490549
Coach,HC8393U,215.9,Yes,Prescribed Sunglasses,Caramel Tortoise,Brown Gradient,,17786816
Coach,HC8393U,215.9,Yes,Prescribed Sunglasses,Transparent Dusty Rose,Brown Pink Gradient,,73803539
Coach,HC8393U,215.9,Yes,Prescribed Sunglasses,Black,Grey Gradient,,81101470
Coach,HC8392U,215.9,Yes,Prescribed Sunglasses,Caramel Tortoise,Brown Gradient,,80869494
Coach,HC8392U,215.9,Yes,Prescribed Sunglasses,Transparent Dusty Rose,Brown Pink Gradient,,77334391
Coach,HC8392U,215.9,Yes,Prescribed Sunglasses,Black,Grey Gradient,,43136217
Coach,HC8391U,179.35,Yes,Prescribed Sunglasses,Milky Cloud,Brown Gradient,,53439520
Coach,HC8391U,179.35,Yes,Prescribed Sunglasses,Black,Grey,,50540042
Coach,HC8390U,179.35,Yes,Prescribed Sunglasses,Milky Cloud,Wine,,38211841
Coach,HC8368D,170.85,Yes,Prescribed Sunglasses,Transparent Brown,Brown Gradient,,97064051
Coach,HC7167B,222.7,Yes,Prescribed Sunglasses,Pink Pearl,Brown Pink Gradient,,55516780
Coach,HC7165D,179.35,Yes,Prescribed Sunglasses,Shiny Rose Gold,Burgundy Gradient,,80528312
Coach,HC7165D,179.35,Yes,Prescribed Sunglasses,Shiny Light Gold,Grey Gradient,,70152053
Coach,HC7165D,179.35,Yes,Prescribed Sunglasses,Shiny Light Gold and Brown,Brown and Peach Gradient,,51525412
Coach,HC7128,179.35,Yes,Prescribed Sunglasses,Shiny Black,Grey,,69100365
Emporio Armani,EA4230U,250.75,Yes,Prescribed Sunglasses,Shiny Black,Dark Grey,,68917210
Emporio Armani,EA4228,235.45,Yes,Prescribed Sunglasses,Shiny Green and Matte Gunmetal,Green Gradient,,49251798
Emporio Armani,EA4228,235.45,Yes,Prescribed Sunglasses,Shiny Black and Matte Pale Gold,Brown Gradient,,70626643
Emporio Armani,EA4227U,249.05,Yes,Prescribed Sunglasses,Shiny Black,Dark Grey Polarised,,25976331
Emporio Armani,EA4226D,192.1,Yes,Prescribed Sunglasses,Shiny Blue,Dark Blue,,11733670
Emporio Armani,EA4226D,192.1,Yes,Prescribed Sunglasses,Shiny Black,Dark Grey,,62892319
Emporio Armani,EA4225U,192.1,Yes,Prescribed Sunglasses,Matte Blue,Brown Gradient,,51052286
Emporio Armani,EA4225U,192.1,Yes,Prescribed Sunglasses,Matte Black,Dark Grey,,36500513
Emporio Armani,EA4224F,206.55,Yes,Prescribed Sunglasses,Shiny Opaline Brown,Brown,,67528194
Emporio Armani,EA4224F,249.05,Yes,Prescribed Sunglasses,Shiny Black,Dark Grey Gradient Polarised,,93787199
Emporio Armani,EA4223U,206.55,Yes,Prescribed Sunglasses,Matte Blue,Dark Blue,,40657234
Emporio Armani,EA4223U,206.55,Yes,Prescribed Sunglasses,Matte Black,Dark Grey,,40978300
Emporio Armani,EA4222U,235.45,Yes,Prescribed Sunglasses,Shiny Black,Dark Grey,,39704517
Emporio Armani,EA4220,221.85,Yes,Prescribed Sunglasses,Shiny Transparent Light Brown,Yellow and Light Brown Gradient,,84122841
Emporio Armani,EA4220,221.85,Yes,Prescribed Sunglasses,Shiny Transparent Black,Grey Gradient,,56973367
Emporio Armani,EA4219,264.35,Yes,Prescribed Sunglasses,Matte Dark Grey,Grey Polarised,,30490901
Emporio Armani,EA4219,221.85,Yes,Prescribed Sunglasses,Matte Blue,Dark Blue,,79481716
Emporio Armani,EA4219,221.85,Yes,Prescribed Sunglasses,Matte Black,Grey Mirror Black,,12367608
Emporio Armani,EA4058,264.35,Yes,Prescribed Sunglasses,Matte Green,Dark Green Polarised,,39924653
Emporio Armani,EA4033,249.05,Yes,Prescribed Sunglasses,Matte Grey,Blue Gradient Polarised,,74593037
Emporio Armani,EA2155,221.85,Yes,Prescribed Sunglasses,Matte Brown,Dark Brown,,25891460
Emporio Armani,EA2155,221.85,Yes,Prescribed Sunglasses,Matte Black,Dark Grey,,66283263
Valley,Ritual,260.0,Yes,Prescribed Sunglasses,Sienna Tort with Gold Metal,Brown Gradient,,28867392
Valley,Ritual,260.0,Yes,Prescribed Sunglasses,Gloss Black with Silver Metal,Orange Gradient,,84946058
Valley,Ritual,260.0,Yes,Prescribed Sunglasses,Smoky Quartz Fade with Gold Metal,Black Gradient,,18474504
Valley,Ritual,260.0,Yes,Prescribed Sunglasses,Gloss Black with Silver Metal,Black,,39092934
Valley,Orb,260.0,Yes,Prescribed Sunglasses,Matte Black Japanese Titanium,Black Gradient,,63774531
Valley,Orb,260.0,Yes,Prescribed Sunglasses,Matte Silver Japanese Titanium,Black,,47499363
Valley,Orb,260.0,Yes,Prescribed Sunglasses,Gloss Bronze Japanese Titanium,Black,,24707774
Valley,Lafayette,260.0,Yes,Prescribed Sunglasses,Gloss Black with Gold Metal,Black,,55201440
Valley,Lafayette,260.0,Yes,Prescribed Sunglasses,Army Green Clear Tort Splice with Gold Metal,Brown Gradient,,68135025
Valley,Lafayette,260.0,Yes,Prescribed Sunglasses,Light Tan Biege Splice with Rose Gold Metal,Brown Gradient,,74354935
Valley,Lafayette,260.0,Yes,Prescribed Sunglasses,Maple Tort with Gold Metal,Brown Gradient,,90240892
Valley,Lafayette,260.0,Yes,Prescribed Sunglasses,Gloss Black Light Tan Splice with Rose Gold Metal,Black,,11693946
Valley,Lafayette,260.0,Yes,Prescribed Sunglasses,Gloss Black with Gold Metal,Black Gradient,,87255387
Valley,Bang,260.0,Yes,Prescribed Sunglasses,Army Green with Gold Metal Trim,Brown Gradient,,60961958
Ray-Ban,RB4435,196.2,Yes,Prescribed Sunglasses,Transparent Brown,Brown Glass  ,56 Eye Size,33250583
Ray-Ban,RB4435,259.2,Yes,Prescribed Sunglasses,Black,Green Polarised Glass  ,59 Eye Size,54813194
Persol,PO3328S,442.8,Yes,Prescribed Sunglasses,Transparent Brown,Blue Gradient Polarised Glass  ,58 Eye Size,42980883
Persol,PO3302S,415.8,Yes,Prescribed Sunglasses,Transparent Grey,Blue Gradient Polarised Glass,,15183272
Persol,PO0649,389.7,Yes,Prescribed Sunglasses,Black,Blue Gradient Polarised Glass  ,54 Eye Size,43760885
Persol,PO0649,326.7,Yes,Prescribed Sunglasses,Transparent Dark Grey,Blue Glass  ,54 Eye Size,73329422
Persol,PO0649,326.7,Yes,Prescribed Sunglasses,Opal Beige,Dark Grey Glass  ,54 Eye Size,42682392
Ray-Ban,Kiliane RB4395,196.2,Yes,Prescribed Sunglasses,Transparent Brown,Dark Brown,,31769301
Ray-Ban,Kiliane RB4395,196.2,Yes,Prescribed Sunglasses,Black,Dark Grey,,66549376
Michael Kors,San Lucas MK2214U,219.6,Yes,Prescribed Sunglasses,Plum Graphic Tortoise,Cordovan Gradient,,28892415
Michael Kors,San Lucas MK2214U,219.6,Yes,Prescribed Sunglasses,Dark Tortoise,Brown Gradient,,61866836
Michael Kors,San Lucas MK2214U,219.6,Yes,Prescribed Sunglasses,Black,Dark Grey Gradient,,73263379
Versace,VE4473U,509.4,Yes,Prescribed Sunglasses,Dark Havana,Dark Grey,,48798280
Versace,VE4441,351.9,Yes,Prescribed Sunglasses,Dark Havana,Dark Brown,,24548973
Versace,VE4402,598.5,Yes,Prescribed Sunglasses,Black,Dark Grey,,81312931
Versace,VE2264,535.5,Yes,Prescribed Sunglasses,Silver,Dark Grey,,70834576
Michael Kors,Nice MK2213,219.6,Yes,Prescribed Sunglasses,Amber Graphic Tortoise,Light Brown Gradient,,80747507
Michael Kors,Nice MK2213,255.6,Yes,Prescribed Sunglasses,Plum Graphic Tortoise,Cordovan Gradient,,44395995
Michael Kors,Nice MK2213,219.6,Yes,Prescribed Sunglasses,Dark Tortoise,Brown Gradient,,86146167
Michael Kors,Nice MK2213,219.6,Yes,Prescribed Sunglasses,Black,Dark Grey Gradient,,91518249
Michael Kors,Dubai MK2211U,166.5,Yes,Prescribed Sunglasses,Blue Transparent,Dark Grey,,78654657
Michael Kors,Dubai MK2211U,202.5,Yes,Prescribed Sunglasses,Dark Tortoise,Brown Gradient Polarised,,93797832
Michael Kors,Asheville MK2210U,166.5,Yes,Prescribed Sunglasses,Brown Transparent,Brown Mirror,,86403146
Michael Kors,Asheville MK2210U,166.5,Yes,Prescribed Sunglasses,Black,Dark Grey,,49537760
Michael Kors,Bel Air MK2209U,166.5,Yes,Prescribed Sunglasses,Brown Transparent,Brown Mirror,,62519067
Michael Kors,Bel Air MK2209U,166.5,Yes,Prescribed Sunglasses,Black,Dark Grey,,60002930
Michael Kors,Dupont MK2184U,202.5,Yes,Prescribed Sunglasses,Transparent Brown,Brown Gradient Polarised  ,58 Eye Size,85185623
Versace,VE4458F,458.1,Yes,Prescribed Sunglasses,Transparent Brown,Light Brown,,51660923
Michael Kors,Karlie MK2170U,228.6,Yes,Prescribed Sunglasses,Black,Grey Gradient Polarised,,65081276
Michael Kors,Sanya MK1157D,173.7,Yes,Prescribed Sunglasses,Shiny Light Gold,Grey,,42922551
Michael Kors,Sanya MK1157D,173.7,Yes,Prescribed Sunglasses,Shiny Light Gold,Light Brown,,72057658
Michael Kors,Keswick MK1156,253.8,Yes,Prescribed Sunglasses,Shiny Gold,Olive Green,,12764695
Michael Kors,Silverton MK1153,192.6,Yes,Prescribed Sunglasses,Shiny Yellow Gold,Light Grey Gradient,,57780257
Michael Kors,Cadiz MK1145B,253.8,Yes,Prescribed Sunglasses,Shiny Silver,Navy Gradient,,29949871
Michael Kors,Cadiz MK1145B,253.8,Yes,Prescribed Sunglasses,Shiny Light Gold,Brown Gradient,,76344250
Michael Kors,CATALONIA MK1144B,253.8,Yes,Prescribed Sunglasses,Shiny Rose Gold,Light Brown and Pink Gradient,,40314888
Michael Kors,CATALONIA MK1144B,253.8,Yes,Prescribed Sunglasses,Shiny Light Gold,Brown Gradient,,24685823
Dolce & Gabbana,DG4471,413.1,Yes,Prescribed Sunglasses,Transparent Violet,Lilac Isa Black Silver Mirror,,56421081
Dolce & Gabbana,DG4471,413.1,Yes,Prescribed Sunglasses,Black,Dark Grey,,91733605
